,no,economic,figure,stratgy,rule,puzzle,party
0,167791,0.7142857142857142,0.3125,0.5555555555555556,1.282051282051282,1.3793103448275863,0.7407407407407407
1,174430,0.0,0.625,1.9444444444444444,1.5384615384615385,1.3793103448275863,0.7407407407407407
2,96848,0.0,0.9375,1.3888888888888888,0.2564102564102564,0.6896551724137931,0.0
3,182028,0.7142857142857142,0.0,0.8333333333333333,0.5128205128205128,0.0,0.0
4,220308,0.7142857142857142,0.625,0.8333333333333333,0.7692307692307693,0.0,0.7407407407407407
5,12333,0.0,0.9375,0.5555555555555556,0.7692307692307693,0.3448275862068966,0.7407407407407407
6,3076,0.3571428571428571,0.0,0.0,0.7692307692307693,0.3448275862068966,0.7407407407407407
7,161936,0.3571428571428571,0.3125,0.2777777777777778,0.5128205128205128,0.6896551724137931,0.37037037037037035
8,173346,0.0,0.3125,0.2777777777777778,0.5128205128205128,0.3448275862068966,0.37037037037037035
9,31260,0.3571428571428571,0.0,0.2777777777777778,1.282051282051282,0.6896551724137931,0.0
10,84876,0.0,0.9375,0.2777777777777778,0.0,1.3793103448275863,0.7407407407407407
11,181289,0.0,0.3125,0.0,0.2564102564102564,0.0,0.0
12,224517,1.0714285714285714,0.3125,0.2777777777777778,0.2564102564102564,0.3448275862068966,0.37037037037037035
13,124742,0.0,0.3125,0.5555555555555556,0.5128205128205128,0.6896551724137931,0.0
14,248562,0.0,0.625,1.3888888888888888,0.2564102564102564,1.0344827586206897,0.0
15,126163,0.0,0.0,0.0,0.7692307692307693,0.0,0.37037037037037035
16,36218,0.3571428571428571,0.0,0.2777777777777778,0.0,0.6896551724137931,0.37037037037037035
17,205637,0.0,0.625,1.3888888888888888,1.0256410256410255,1.0344827586206897,0.37037037037037035
18,251247,0.3571428571428571,0.3125,0.5555555555555556,1.0256410256410255,0.0,0.7407407407407407
19,125153,0.7142857142857142,0.0,0.2777777777777778,0.2564102564102564,0.3448275862068966,0.0
20,35677,0.7142857142857142,0.0,0.5555555555555556,0.5128205128205128,0.0,0.37037037037037035
21,28720,1.0714285714285714,0.3125,0.2777777777777778,0.2564102564102564,0.3448275862068966,0.0
22,120677,1.0714285714285714,0.625,0.2777777777777778,0.5128205128205128,0.0,0.7407407407407407
23,177736,0.3571428571428571,0.3125,0.5555555555555556,0.5128205128205128,0.6896551724137931,0.37037037037037035
24,102680,0.0,0.3125,0.5555555555555556,0.0,0.6896551724137931,0.0
25,148228,0.0,0.3125,0.2777777777777778,0.2564102564102564,0.3448275862068966,0.0
26,128882,0.0,0.0,1.3888888888888888,0.2564102564102564,0.3448275862068966,0.37037037037037035
27,215,0.0,0.0,0.2777777777777778,0.0,1.3793103448275863,0.0
28,102794,0.3571428571428571,0.0,0.2777777777777778,0.7692307692307693,0.3448275862068966,0.0
29,150145,0.0,0.0,0.0,0.0,0.6896551724137931,0.0
30,203993,0.0,0.625,0.2777777777777778,0.5128205128205128,0.0,0.0
31,182874,0.0,0.3125,0.0,0.7692307692307693,0.6896551724137931,0.7407407407407407
32,150376,0.3571428571428571,0.625,1.1111111111111112,0.5128205128205128,0.3448275862068966,0.7407407407407407
33,162886,0.0,0.3125,1.3888888888888888,0.7692307692307693,0.6896551724137931,0.37037037037037035
34,205059,0.0,0.9375,1.6666666666666665,0.5128205128205128,0.6896551724137931,0.0
35,171623,0.3571428571428571,0.9375,0.0,0.7692307692307693,0.0,0.7407407407407407
36,146021,0.0,0.625,0.8333333333333333,0.7692307692307693,0.0,0.0
37,28720,1.0714285714285714,0.3125,0.2777777777777778,0.2564102564102564,0.3448275862068966,0.0
38,40834,0.3571428571428571,0.0,0.0,0.0,0.6896551724137931,0.0
39,117959,0.0,0.625,0.0,0.0,0.0,0.0
40,121921,0.0,1.875,0.8333333333333333,1.282051282051282,0.6896551724137931,0.0
41,4098,1.4285714285714284,0.9375,0.5555555555555556,0.0,1.0344827586206897,0.37037037037037035
42,193738,0.0,0.625,0.2777777777777778,0.0,1.0344827586206897,0.37037037037037035
43,196340,0.0,0.9375,0.2777777777777778,0.5128205128205128,0.3448275862068966,0.7407407407407407
44,46213,0.0,0.0,0.0,0.0,0.0,0.37037037037037035
45,169786,0.3571428571428571,0.9375,1.3888888888888888,1.282051282051282,0.0,0.7407407407407407
46,187645,0.7142857142857142,1.25,0.5555555555555556,1.5384615384615385,0.6896551724137931,0.7407407407407407
47,2651,1.0714285714285714,0.3125,0.8333333333333333,0.0,0.0,0.0
48,175914,1.4285714285714284,0.0,0.8333333333333333,0.0,0.0,0.0
49,62219,0.0,1.25,0.5555555555555556,1.0256410256410255,0.3448275862068966,0.37037037037037035
50,68448,0.0,0.0,0.2777777777777778,0.5128205128205128,0.6896551724137931,0.0
51,221107,0.3571428571428571,0.625,0.2777777777777778,0.2564102564102564,0.6896551724137931,0.37037037037037035
52,216132,0.7142857142857142,0.625,0.8333333333333333,0.5128205128205128,0.0,0.37037037037037035
53,247030,0.0,0.0,0.2777777777777778,0.0,0.6896551724137931,0.0
54,118,2.142857142857143,0.0,0.2777777777777778,0.0,0.3448275862068966,0.0
55,18602,0.0,0.0,0.5555555555555556,0.7692307692307693,0.0,0.37037037037037035
56,118,2.142857142857143,0.0,0.2777777777777778,0.0,0.3448275862068966,0.0
57,108745,0.3571428571428571,0.3125,0.5555555555555556,0.2564102564102564,0.3448275862068966,0.0
58,115746,0.0,1.25,0.5555555555555556,0.5128205128205128,0.6896551724137931,0.7407407407407407
59,2093,0.0,0.0,0.0,0.0,0.6896551724137931,0.0
60,157354,1.0714285714285714,0.0,1.1111111111111112,0.2564102564102564,1.0344827586206897,0.7407407407407407
61,229853,0.0,0.9375,0.2777777777777778,0.2564102564102564,0.6896551724137931,0.37037037037037035
62,144733,0.0,0.0,0.0,0.2564102564102564,0.0,0.37037037037037035
63,161970,0.3571428571428571,0.0,0.2777777777777778,0.7692307692307693,0.6896551724137931,0.37037037037037035
64,183394,0.7142857142857142,0.3125,0.2777777777777778,0.5128205128205128,0.3448275862068966,0.0
65,104006,0.0,0.625,0.0,0.7692307692307693,0.3448275862068966,0.0
66,39683,1.0714285714285714,0.0,0.5555555555555556,0.5128205128205128,0.3448275862068966,0.0
67,175640,0.0,0.3125,0.0,0.5128205128205128,0.0,0.0
68,164928,0.0,0.3125,0.2777777777777778,1.0256410256410255,0.3448275862068966,0.7407407407407407
69,191189,0.3571428571428571,0.0,1.1111111111111112,0.5128205128205128,0.6896551724137931,0.37037037037037035
70,124361,0.3571428571428571,0.625,0.2777777777777778,0.5128205128205128,1.3793103448275863,0.7407407407407407
71,14996,0.0,0.3125,0.2777777777777778,0.0,0.6896551724137931,1.1111111111111112
72,266192,0.0,0.3125,0.5555555555555556,0.7692307692307693,0.6896551724137931,0.37037037037037035
73,269385,0.0,0.0,1.3888888888888888,0.5128205128205128,0.6896551724137931,0.0
74,249259,0.3571428571428571,0.9375,0.5555555555555556,0.5128205128205128,1.0344827586206897,0.0
75,104162,0.0,1.5625,0.8333333333333333,1.0256410256410255,0.6896551724137931,0.0
76,161614,2.5,0.0,0.5555555555555556,0.0,0.0,0.0
77,178900,0.0,0.0,0.5555555555555556,0.0,0.3448275862068966,0.37037037037037035
78,73439,0.3571428571428571,1.25,0.5555555555555556,0.2564102564102564,0.6896551724137931,0.7407407407407407
79,28143,0.0,0.0,0.5555555555555556,0.7692307692307693,0.6896551724137931,0.37037037037037035
80,59959,0.0,0.3125,0.5555555555555556,0.0,0.6896551724137931,0.0
81,244521,0.7142857142857142,0.3125,0.2777777777777778,0.2564102564102564,0.3448275862068966,0.7407407407407407
82,103343,0.3571428571428571,0.9375,0.8333333333333333,0.5128205128205128,0.6896551724137931,0.0
83,13,0.7142857142857142,1.25,0.2777777777777778,0.2564102564102564,0.0,0.37037037037037035
84,126042,0.0,0.0,0.5555555555555556,0.5128205128205128,0.0,0.0
85,237182,0.0,1.5625,0.0,0.7692307692307693,0.3448275862068966,0.7407407407407407
86,188,0.0,0.0,0.0,0.0,0.6896551724137931,0.0
87,132531,0.0,0.625,0.2777777777777778,1.0256410256410255,0.3448275862068966,0.37037037037037035
88,54,0.0,1.25,0.5555555555555556,0.5128205128205128,0.6896551724137931,0.0
89,822,0.0,0.625,0.0,0.0,0.3448275862068966,0.0
90,156129,0.0,0.0,0.8333333333333333,0.2564102564102564,0.6896551724137931,1.1111111111111112
91,146508,0.0,0.3125,0.5555555555555556,0.2564102564102564,0.3448275862068966,0.37037037037037035
92,5,1.4285714285714284,0.0,0.0,0.0,1.0344827586206897,0.0
93,12,1.0714285714285714,0.0,0.2777777777777778,0.0,0.3448275862068966,0.37037037037037035
94,25021,0.3571428571428571,0.3125,0.5555555555555556,0.5128205128205128,0.3448275862068966,0.37037037037037035
95,7854,0.0,0.3125,0.2777777777777778,0.0,0.3448275862068966,0.0
96,156943,0.3571428571428571,0.0,0.2777777777777778,0.0,0.3448275862068966,0.0
97,163068,0.0,0.625,0.8333333333333333,0.7692307692307693,0.3448275862068966,0.0
98,83330,0.0,0.9375,0.8333333333333333,0.2564102564102564,0.6896551724137931,0.0
99,113924,0.0,0.625,0.5555555555555556,0.5128205128205128,1.0344827586206897,0.0
100,18833,0.0,0.3125,0.5555555555555556,0.5128205128205128,0.3448275862068966,0.0
101,42,0.3571428571428571,0.3125,0.0,0.0,1.3793103448275863,0.7407407407407407
102,199792,0.3571428571428571,0.0,0.8333333333333333,0.5128205128205128,0.6896551724137931,0.7407407407407407
103,155426,0.3571428571428571,0.0,0.0,0.5128205128205128,1.3793103448275863,0.37037037037037035
104,30549,0.3571428571428571,0.3125,0.2777777777777778,0.5128205128205128,0.6896551724137931,0.0
105,72125,0.0,1.5625,0.2777777777777778,0.5128205128205128,0.6896551724137931,0.0
106,191189,0.3571428571428571,0.0,1.1111111111111112,0.5128205128205128,0.6896551724137931,0.37037037037037035
107,110327,0.3571428571428571,0.0,0.5555555555555556,0.7692307692307693,0.6896551724137931,0.0
108,15987,0.0,0.625,0.8333333333333333,1.0256410256410255,0.3448275862068966,0.37037037037037035
109,929,0.0,0.0,0.0,0.0,0.6896551724137931,0.0
110,39856,0.0,0.3125,0.5555555555555556,0.0,0.3448275862068966,0.37037037037037035
111,161533,0.0,0.3125,0.5555555555555556,0.0,0.6896551724137931,0.0
112,47,1.4285714285714284,0.0,0.2777777777777778,0.0,1.0344827586206897,0.0
113,150145,0.0,0.0,0.0,0.0,0.6896551724137931,0.0
114,159675,0.3571428571428571,0.0,0.2777777777777778,1.0256410256410255,0.3448275862068966,0.37037037037037035
115,171905,0.0,0.3125,0.2777777777777778,0.0,0.3448275862068966,0.0
116,172308,0.0,0.625,0.2777777777777778,0.2564102564102564,0.6896551724137931,0.37037037037037035
117,230802,0.0,0.0,0.2777777777777778,0.2564102564102564,0.6896551724137931,0.37037037037037035
118,245638,0.3571428571428571,0.9375,0.8333333333333333,0.5128205128205128,0.3448275862068966,0.7407407407407407
119,225694,0.0,0.0,0.5555555555555556,0.0,0.3448275862068966,0.0
120,182694,0.0,0.0,0.8333333333333333,0.2564102564102564,0.3448275862068966,0.0
121,133038,0.0,0.3125,0.8333333333333333,0.2564102564102564,1.3793103448275863,0.0
122,109276,0.3571428571428571,0.0,0.0,0.7692307692307693,0.0,0.0
123,148949,0.0,1.5625,0.2777777777777778,0.5128205128205128,0.0,0.37037037037037035
124,70149,0.3571428571428571,0.625,0.2777777777777778,0.2564102564102564,0.0,0.0
125,463,0.0,0.0,0.8333333333333333,0.2564102564102564,1.0344827586206897,0.0
126,40692,1.0714285714285714,0.9375,0.0,0.2564102564102564,0.3448275862068966,0.37037037037037035
127,147949,0.0,0.0,1.1111111111111112,0.2564102564102564,0.3448275862068966,0.0
128,15817,1.0714285714285714,0.3125,0.5555555555555556,0.2564102564102564,0.0,0.0
129,170216,0.0,0.9375,0.5555555555555556,0.7692307692307693,0.6896551724137931,0.0
130,129622,0.0,0.0,0.2777777777777778,0.0,1.0344827586206897,0.37037037037037035
131,233398,0.0,0.625,0.2777777777777778,0.2564102564102564,0.3448275862068966,0.0
132,760,0.0,0.0,0.0,0.2564102564102564,1.0344827586206897,0.0
133,131904,0.0,0.0,0.2777777777777778,0.2564102564102564,0.6896551724137931,0.0
134,555,0.3571428571428571,0.0,0.2777777777777778,0.0,0.6896551724137931,0.37037037037037035
135,216788,0.3571428571428571,0.3125,0.2777777777777778,0.2564102564102564,0.6896551724137931,0.0
136,2653,0.0,1.25,0.8333333333333333,0.2564102564102564,0.3448275862068966,0.0
137,163412,0.7142857142857142,0.3125,0.5555555555555556,0.0,1.0344827586206897,0.0
138,43015,0.0,0.625,0.2777777777777778,0.5128205128205128,0.0,0.37037037037037035
139,93,0.3571428571428571,0.625,1.1111111111111112,0.5128205128205128,0.6896551724137931,0.0
140,146886,1.0714285714285714,0.625,0.8333333333333333,0.7692307692307693,0.6896551724137931,0.0
141,34635,0.0,0.3125,0.0,0.7692307692307693,0.3448275862068966,0.37037037037037035
142,181960,0.0,0.0,0.0,0.2564102564102564,0.6896551724137931,0.0
143,274364,0.0,0.3125,0.5555555555555556,0.5128205128205128,0.3448275862068966,0.37037037037037035
144,188920,0.0,0.625,1.1111111111111112,1.0256410256410255,0.3448275862068966,1.1111111111111112
145,123260,0.3571428571428571,0.3125,0.5555555555555556,0.0,0.6896551724137931,0.37037037037037035
146,122515,1.4285714285714284,0.9375,0.8333333333333333,0.2564102564102564,0.6896551724137931,0.7407407407407407
147,246192,0.0,0.0,0.2777777777777778,0.2564102564102564,0.0,0.0
148,9216,0.3571428571428571,0.0,0.2777777777777778,0.2564102564102564,0.3448275862068966,0.37037037037037035
149,206941,0.0,0.0,0.2777777777777778,0.0,0.3448275862068966,0.37037037037037035
150,4098,1.4285714285714284,0.9375,0.5555555555555556,0.0,1.0344827586206897,0.37037037037037035
151,432,0.0,0.0,0.5555555555555556,0.0,0.3448275862068966,0.37037037037037035
152,247763,0.3571428571428571,0.3125,0.5555555555555556,0.2564102564102564,0.3448275862068966,0.37037037037037035
153,147020,0.3571428571428571,0.0,0.5555555555555556,0.0,0.6896551724137931,0.0
154,209685,0.3571428571428571,0.0,0.2777777777777778,0.5128205128205128,1.0344827586206897,0.0
155,25554,0.0,0.625,0.2777777777777778,0.0,0.0,0.0
156,34119,0.0,0.625,0.8333333333333333,0.2564102564102564,0.0,0.37037037037037035
157,5,1.4285714285714284,0.0,0.0,0.0,1.0344827586206897,0.0
158,201808,0.3571428571428571,0.625,0.2777777777777778,0.0,0.6896551724137931,1.1111111111111112
159,11,0.3571428571428571,0.0,0.2777777777777778,0.0,1.0344827586206897,0.0
160,127398,0.0,0.625,0.2777777777777778,0.2564102564102564,0.3448275862068966,0.0
161,1382,0.0,0.3125,0.2777777777777778,0.0,0.0,0.0
162,66589,0.3571428571428571,0.3125,0.0,0.5128205128205128,0.0,0.0
163,165948,0.0,0.3125,0.0,0.5128205128205128,0.3448275862068966,0.0
164,155873,1.0714285714285714,0.3125,0.0,0.0,0.0,0.0
165,5,1.4285714285714284,0.0,0.0,0.0,1.0344827586206897,0.0
166,9217,0.3571428571428571,0.0,0.2777777777777778,0.0,0.3448275862068966,0.0
167,213460,0.0,0.0,0.2777777777777778,0.0,0.3448275862068966,0.7407407407407407
168,481,0.3571428571428571,0.9375,0.5555555555555556,0.0,0.3448275862068966,0.0
169,421,1.4285714285714284,0.625,0.5555555555555556,0.0,0.3448275862068966,0.37037037037037035
170,227789,0.0,0.3125,0.2777777777777778,0.7692307692307693,0.6896551724137931,0.37037037037037035
171,219513,0.0,0.0,0.2777777777777778,0.0,1.0344827586206897,0.0
172,223321,0.0,0.0,0.5555555555555556,0.0,0.0,0.37037037037037035
173,244711,0.3571428571428571,0.3125,0.5555555555555556,0.7692307692307693,1.0344827586206897,0.7407407407407407
174,46396,0.0,0.0,0.0,0.0,0.3448275862068966,0.37037037037037035
175,236457,0.0,0.0,0.5555555555555556,0.5128205128205128,0.0,0.0
176,244992,0.0,0.0,0.5555555555555556,0.0,0.0,0.0
177,9209,0.0,0.3125,0.2777777777777778,0.2564102564102564,0.6896551724137931,1.1111111111111112
178,115,0.0,0.625,0.5555555555555556,0.0,0.6896551724137931,0.0
179,811,0.0,0.0,0.0,0.0,0.6896551724137931,0.0
180,3,0.0,0.625,0.0,0.2564102564102564,1.0344827586206897,0.0
181,33160,0.0,0.3125,0.2777777777777778,0.2564102564102564,0.6896551724137931,0.0
182,221194,0.3571428571428571,0.3125,0.0,0.5128205128205128,0.6896551724137931,0.0
183,27833,0.3571428571428571,0.625,0.5555555555555556,0.0,0.3448275862068966,0.0
184,91,0.0,0.625,0.2777777777777778,0.0,0.0,0.0
185,180263,0.0,0.625,0.8333333333333333,0.2564102564102564,0.6896551724137931,0.37037037037037035
186,172386,0.7142857142857142,0.3125,0.5555555555555556,0.7692307692307693,0.6896551724137931,0.0
187,96913,0.0,0.625,0.5555555555555556,0.2564102564102564,0.0,0.0
188,199561,0.0,0.3125,0.5555555555555556,0.5128205128205128,1.0344827586206897,0.7407407407407407
189,16747,0.0,0.3125,0.0,0.0,0.0,0.37037037037037035
190,51,0.0,0.3125,0.2777777777777778,0.0,0.0,0.0
191,129622,0.0,0.0,0.2777777777777778,0.0,1.0344827586206897,0.37037037037037035
192,268665,0.0,0.0,0.0,0.0,0.3448275862068966,0.0
193,271319,0.0,0.625,0.0,0.0,0.0,0.0
194,153938,0.0,0.9375,0.2777777777777778,0.0,0.0,0.7407407407407407
195,176494,0.0,0.0,0.5555555555555556,0.2564102564102564,0.6896551724137931,0.0
196,283948,0.0,0.9375,0.0,0.7692307692307693,0.0,0.37037037037037035
197,271320,0.0,0.625,0.5555555555555556,0.0,1.0344827586206897,0.37037037037037035
198,127060,0.0,0.625,0.0,0.2564102564102564,0.3448275862068966,0.0
199,37111,0.0,0.625,1.1111111111111112,0.5128205128205128,0.6896551724137931,0.37037037037037035
200,244522,0.0,0.3125,0.2777777777777778,0.2564102564102564,0.0,0.7407407407407407
201,180511,0.0,0.0,0.8333333333333333,0.2564102564102564,0.0,0.0
202,170587,0.0,0.0,0.5555555555555556,0.0,0.0,0.0
203,118048,0.0,0.0,0.5555555555555556,0.5128205128205128,0.6896551724137931,0.37037037037037035
204,40628,0.0,0.0,0.2777777777777778,0.7692307692307693,0.3448275862068966,0.0
205,190082,0.0,0.3125,0.5555555555555556,0.0,0.3448275862068966,0.0
206,232832,0.3571428571428571,0.0,0.2777777777777778,0.5128205128205128,1.0344827586206897,0.0
207,101721,0.0,0.625,0.2777777777777778,0.7692307692307693,0.3448275862068966,0.0
208,155703,0.0,0.0,0.8333333333333333,0.2564102564102564,0.3448275862068966,0.7407407407407407
209,128621,0.0,0.0,0.0,0.5128205128205128,0.3448275862068966,0.0
210,175117,0.0,0.3125,0.2777777777777778,0.0,0.3448275862068966,0.37037037037037035
211,198994,0.0,0.0,0.2777777777777778,0.0,1.0344827586206897,0.0
212,198928,0.3571428571428571,0.625,0.5555555555555556,0.5128205128205128,0.6896551724137931,0.0
213,124708,0.0,0.625,0.5555555555555556,0.2564102564102564,0.3448275862068966,0.37037037037037035
214,184267,0.7142857142857142,0.9375,0.2777777777777778,1.282051282051282,1.0344827586206897,0.37037037037037035
215,189932,0.3571428571428571,0.3125,0.0,0.2564102564102564,0.3448275862068966,0.7407407407407407
216,8217,0.0,0.0,0.0,0.5128205128205128,0.6896551724137931,0.37037037037037035
217,167355,0.0,0.3125,1.9444444444444444,0.2564102564102564,1.0344827586206897,0.0
218,54043,0.3571428571428571,0.0,0.2777777777777778,0.0,1.0344827586206897,0.37037037037037035
219,128271,0.0,0.3125,0.8333333333333333,0.2564102564102564,0.3448275862068966,0.0
220,56933,0.0,0.0,0.0,0.0,0.3448275862068966,0.0
221,39242,0.7142857142857142,0.0,0.2777777777777778,0.0,0.0,0.37037037037037035
222,40237,0.0,0.3125,0.2777777777777778,0.0,0.3448275862068966,0.0
223,103885,0.0,0.625,0.2777777777777778,1.0256410256410255,0.3448275862068966,0.37037037037037035
224,233867,0.0,0.0,0.2777777777777778,0.2564102564102564,0.6896551724137931,0.37037037037037035
225,171499,0.0,0.625,0.0,0.0,0.6896551724137931,0.0
226,215471,0.0,0.0,0.2777777777777778,0.0,0.6896551724137931,0.0
227,35570,0.0,0.625,0.2777777777777778,0.2564102564102564,0.0,0.0
228,8129,0.0,0.0,0.0,0.0,1.0344827586206897,0.0
229,88,0.0,0.9375,0.0,0.2564102564102564,1.3793103448275863,0.0
230,146652,0.3571428571428571,0.0,1.1111111111111112,0.5128205128205128,1.0344827586206897,0.0
231,69789,0.0,0.0,0.2777777777777778,0.0,0.6896551724137931,0.0
232,185343,0.0,0.625,0.2777777777777778,0.7692307692307693,0.0,0.0
233,203420,0.0,0.0,0.2777777777777778,0.0,0.0,0.0
234,263711,0.0,0.3125,0.0,0.7692307692307693,0.0,0.0
235,15062,0.0,0.3125,1.3888888888888888,0.2564102564102564,1.0344827586206897,0.0
236,97842,0.3571428571428571,0.0,0.0,0.5128205128205128,0.3448275862068966,0.0
237,261594,0.0,0.9375,0.2777777777777778,0.5128205128205128,0.6896551724137931,0.0
238,77423,0.0,0.0,0.5555555555555556,0.2564102564102564,1.0344827586206897,0.37037037037037035
239,215,0.0,0.0,0.2777777777777778,0.0,1.3793103448275863,0.0
240,155068,0.0,0.625,0.5555555555555556,0.5128205128205128,0.6896551724137931,0.0
241,140620,0.3571428571428571,0.625,0.5555555555555556,0.5128205128205128,0.6896551724137931,0.37037037037037035
242,144344,0.3571428571428571,0.3125,0.2777777777777778,0.5128205128205128,1.0344827586206897,0.0
243,244114,0.0,0.625,0.0,0.0,1.3793103448275863,0.37037037037037035
244,284083,0.0,0.0,0.5555555555555556,0.0,1.0344827586206897,0.0
245,2511,0.0,0.0,0.8333333333333333,0.0,0.0,0.37037037037037035
246,255681,0.0,0.0,0.2777777777777778,0.5128205128205128,1.0344827586206897,0.0
247,19184,0.0,0.0,0.0,0.0,1.0344827586206897,0.0
248,97207,0.0,0.0,0.5555555555555556,0.2564102564102564,0.3448275862068966,0.0
249,253344,0.0,0.3125,0.5555555555555556,0.5128205128205128,0.3448275862068966,0.0
250,98778,0.0,0.0,0.5555555555555556,0.0,1.0344827586206897,0.0
251,129622,0.0,0.0,0.2777777777777778,0.0,1.0344827586206897,0.37037037037037035
252,119890,0.3571428571428571,0.0,0.0,0.5128205128205128,0.6896551724137931,0.0
253,12,1.0714285714285714,0.0,0.2777777777777778,0.0,0.3448275862068966,0.37037037037037035
254,245744,0.0,0.3125,0.0,0.0,0.6896551724137931,0.0
255,177678,0.0,0.625,0.0,0.2564102564102564,0.3448275862068966,0.0
256,36235,0.0,0.3125,0.0,0.0,0.6896551724137931,0.0
257,139976,0.0,0.9375,0.0,0.5128205128205128,0.0,0.0
258,77130,0.3571428571428571,0.3125,0.8333333333333333,0.5128205128205128,1.0344827586206897,0.0
259,21790,0.0,0.3125,0.2777777777777778,0.0,0.6896551724137931,0.0
260,31627,0.0,0.3125,0.2777777777777778,0.0,0.6896551724137931,0.37037037037037035
261,56692,0.0,0.0,0.0,0.0,0.6896551724137931,0.0
262,143741,0.0,0.3125,0.2777777777777778,0.5128205128205128,0.6896551724137931,0.37037037037037035
263,100901,0.0,0.9375,0.5555555555555556,0.5128205128205128,0.3448275862068966,0.37037037037037035
264,177639,0.0,0.3125,0.8333333333333333,0.7692307692307693,0.3448275862068966,0.0
265,161417,0.0,0.0,0.0,0.0,1.0344827586206897,0.7407407407407407
266,159675,0.3571428571428571,0.0,0.2777777777777778,1.0256410256410255,0.3448275862068966,0.37037037037037035
267,243430,0.0,0.0,0.0,0.0,1.0344827586206897,0.37037037037037035
268,10547,0.0,0.625,1.1111111111111112,0.2564102564102564,0.3448275862068966,0.37037037037037035
269,205398,0.3571428571428571,0.0,0.5555555555555556,0.7692307692307693,0.3448275862068966,0.37037037037037035
270,148319,0.0,0.3125,0.5555555555555556,0.0,1.0344827586206897,0.0
271,180593,0.3571428571428571,0.0,0.8333333333333333,0.0,0.3448275862068966,0.7407407407407407
272,153016,0.0,0.0,0.0,0.0,0.3448275862068966,0.37037037037037035
273,24068,0.0,0.3125,0.2777777777777778,0.2564102564102564,0.6896551724137931,0.0
274,229220,0.0,0.625,0.2777777777777778,0.2564102564102564,0.6896551724137931,0.0
275,137988,0.0,0.3125,0.5555555555555556,0.5128205128205128,0.3448275862068966,0.0
276,555,0.3571428571428571,0.0,0.2777777777777778,0.0,0.6896551724137931,0.37037037037037035
277,31481,0.0,0.9375,0.2777777777777778,0.2564102564102564,0.3448275862068966,0.37037037037037035
278,170042,0.0,0.625,0.0,0.5128205128205128,0.3448275862068966,0.0
279,171,0.0,0.625,0.0,0.0,0.6896551724137931,0.0
280,198740,0.0,0.0,0.0,0.0,0.6896551724137931,0.37037037037037035
281,5782,0.0,0.0,0.2777777777777778,0.0,0.3448275862068966,0.37037037037037035
282,17405,1.4285714285714284,0.3125,0.2777777777777778,0.0,0.3448275862068966,0.0
283,264220,0.0,0.9375,1.6666666666666665,0.2564102564102564,0.6896551724137931,0.37037037037037035
284,188834,0.0,0.0,0.8333333333333333,0.0,0.6896551724137931,0.0
285,163370,0.0,0.3125,0.0,0.0,0.3448275862068966,0.0
286,150658,0.0,0.625,0.5555555555555556,0.5128205128205128,0.6896551724137931,0.37037037037037035
287,223770,0.3571428571428571,0.3125,0.2777777777777778,0.0,0.3448275862068966,0.37037037037037035
288,180974,0.0,0.0,0.2777777777777778,0.0,0.6896551724137931,0.37037037037037035
289,98229,0.0,0.0,0.0,0.0,0.3448275862068966,0.0
290,14105,0.0,0.625,0.5555555555555556,0.2564102564102564,0.6896551724137931,0.37037037037037035
291,317637,0.0,0.3125,0.5555555555555556,0.2564102564102564,0.3448275862068966,0.0
292,100423,0.0,0.625,0.8333333333333333,0.5128205128205128,0.0,0.0
293,12157,0.0,0.0,0.0,0.0,0.0,0.37037037037037035
294,24480,0.0,0.3125,0.0,0.7692307692307693,0.0,0.0
295,172287,0.0,0.3125,0.0,0.5128205128205128,0.3448275862068966,0.0
296,811,0.0,0.0,0.0,0.0,0.6896551724137931,0.0
297,209010,0.0,0.3125,1.1111111111111112,1.0256410256410255,0.0,0.37037037037037035
298,170624,0.0,0.625,0.2777777777777778,0.5128205128205128,0.0,0.0
299,241831,0.0,0.0,0.2777777777777778,0.2564102564102564,0.3448275862068966,0.0
300,878,0.0,0.0,0.0,0.0,0.6896551724137931,0.0
301,160495,0.0,0.3125,0.0,0.0,0.3448275862068966,0.0
302,1,0.0,0.625,0.8333333333333333,0.0,0.3448275862068966,0.0
303,265736,0.0,0.0,0.2777777777777778,0.7692307692307693,1.0344827586206897,1.1111111111111112
304,173442,0.0,0.625,0.0,0.5128205128205128,0.3448275862068966,0.0
305,144041,0.3571428571428571,0.625,1.3888888888888888,0.7692307692307693,0.3448275862068966,0.0
306,12942,0.7142857142857142,0.0,0.2777777777777778,0.0,0.3448275862068966,0.37037037037037035
307,157969,0.0,0.0,1.3888888888888888,0.0,0.6896551724137931,0.0
308,143884,0.0,0.3125,0.0,0.2564102564102564,0.0,0.0
309,111417,0.0,0.625,0.5555555555555556,0.0,0.3448275862068966,0.7407407407407407
310,9609,0.0,0.9375,0.2777777777777778,0.5128205128205128,0.3448275862068966,0.0
311,181687,0.3571428571428571,0.0,0.5555555555555556,0.2564102564102564,0.0,0.7407407407407407
312,170561,0.0,0.3125,0.2777777777777778,0.2564102564102564,0.0,0.37037037037037035
313,245934,0.0,0.3125,0.2777777777777778,0.5128205128205128,0.3448275862068966,0.7407407407407407
314,171669,0.0,0.625,0.0,0.5128205128205128,0.6896551724137931,0.0
315,191300,0.0,0.0,0.2777777777777778,0.0,0.3448275862068966,0.37037037037037035
316,220,0.7142857142857142,0.0,0.2777777777777778,0.0,0.3448275862068966,0.0
317,297030,0.3571428571428571,0.0,0.5555555555555556,0.2564102564102564,0.3448275862068966,0.37037037037037035
318,92828,0.0,0.0,0.2777777777777778,0.0,0.3448275862068966,0.37037037037037035
319,234,0.0,0.9375,0.2777777777777778,0.2564102564102564,0.0,0.37037037037037035
320,140509,0.0,0.0,0.0,0.0,0.3448275862068966,0.0
321,46,1.0714285714285714,0.0,0.2777777777777778,0.0,0.3448275862068966,0.37037037037037035
322,90419,0.7142857142857142,0.3125,0.2777777777777778,0.0,0.3448275862068966,0.0
323,191862,0.0,0.3125,0.2777777777777778,0.2564102564102564,0.3448275862068966,0.37037037037037035
324,142379,0.0,0.625,0.5555555555555556,0.0,0.6896551724137931,0.0
325,176189,0.0,0.3125,0.5555555555555556,0.5128205128205128,0.3448275862068966,0.0
326,204574,0.0,0.0,0.5555555555555556,0.0,0.3448275862068966,0.0
327,5404,0.7142857142857142,0.3125,0.2777777777777778,0.0,0.0,0.37037037037037035
328,478,0.0,0.0,0.5555555555555556,1.0256410256410255,0.3448275862068966,0.0
329,159473,0.0,0.3125,0.5555555555555556,0.0,0.3448275862068966,0.0
330,203416,0.0,0.0,0.2777777777777778,0.0,0.0,0.0
331,206718,0.0,0.3125,0.2777777777777778,0.0,0.6896551724137931,0.0
332,228341,0.0,0.9375,0.2777777777777778,0.2564102564102564,0.0,0.0
333,140934,0.0,0.0,0.0,0.0,1.3793103448275863,0.0
334,13884,0.0,0.0,0.2777777777777778,0.2564102564102564,0.3448275862068966,0.0
335,270970,0.3571428571428571,0.0,0.0,0.7692307692307693,0.6896551724137931,0.0
336,223040,0.0,0.0,0.2777777777777778,0.0,0.3448275862068966,0.0
337,12002,0.0,0.0,0.2777777777777778,0.5128205128205128,0.6896551724137931,0.0
338,213984,0.0,0.625,0.2777777777777778,0.0,0.0,0.0
339,249703,0.0,0.0,0.2777777777777778,0.2564102564102564,0.0,0.0
340,32125,0.0,0.0,0.8333333333333333,0.0,0.0,0.0
341,31105,0.3571428571428571,0.0,0.2777777777777778,0.0,0.3448275862068966,0.37037037037037035
342,19184,0.0,0.0,0.0,0.0,1.0344827586206897,0.0
343,217372,0.3571428571428571,0.9375,0.5555555555555556,0.0,0.6896551724137931,0.0
344,521,0.0,0.0,0.2777777777777778,0.0,0.0,0.37037037037037035
345,26,0.0,0.3125,0.2777777777777778,0.0,0.0,0.37037037037037035
346,1465,0.0,0.0,0.2777777777777778,0.0,1.0344827586206897,0.0
347,372,0.0,0.0,0.0,0.2564102564102564,1.0344827586206897,0.0
348,66188,0.3571428571428571,0.3125,0.5555555555555556,0.2564102564102564,0.3448275862068966,0.0
349,286096,0.3571428571428571,1.25,0.8333333333333333,1.282051282051282,1.3793103448275863,0.7407407407407407
350,40354,0.0,0.625,0.8333333333333333,0.0,0.3448275862068966,0.7407407407407407
351,263918,0.0,0.0,0.2777777777777778,0.0,1.3793103448275863,0.37037037037037035
352,137269,0.7142857142857142,0.0,0.0,0.5128205128205128,0.0,0.0
353,165722,0.0,0.0,0.0,0.0,0.0,0.7407407407407407
354,173064,0.0,0.625,0.0,0.0,0.0,0.37037037037037035
355,902,0.0,0.3125,0.5555555555555556,0.0,0.3448275862068966,0.0
356,66505,0.3571428571428571,0.0,0.2777777777777778,0.0,0.3448275862068966,0.0
357,239188,0.0,0.0,0.5555555555555556,0.0,0.3448275862068966,0.37037037037037035
358,38863,0.3571428571428571,0.0,0.0,0.0,0.6896551724137931,0.0
359,42052,0.0,0.3125,0.0,0.2564102564102564,0.0,0.0
360,164153,0.0,0.9375,0.8333333333333333,0.5128205128205128,0.6896551724137931,0.0
361,233078,0.7142857142857142,1.5625,0.8333333333333333,1.282051282051282,0.0,0.7407407407407407
362,198773,0.0,0.0,0.5555555555555556,0.0,0.3448275862068966,0.37037037037037035
363,1382,0.0,0.3125,0.2777777777777778,0.0,0.0,0.0
364,38765,0.0,0.0,0.0,0.2564102564102564,0.0,0.0
365,163968,0.0,0.0,0.5555555555555556,0.2564102564102564,0.3448275862068966,0.37037037037037035
366,102548,0.0,0.625,0.8333333333333333,0.5128205128205128,0.0,0.37037037037037035
367,37628,0.0,0.0,0.2777777777777778,0.0,1.0344827586206897,0.0
368,166669,0.0,0.0,0.0,0.5128205128205128,0.6896551724137931,0.37037037037037035
369,986,0.0,0.0,0.0,0.0,0.6896551724137931,0.0
370,171131,0.0,0.3125,0.8333333333333333,0.0,0.6896551724137931,0.7407407407407407
371,153065,0.0,0.0,0.2777777777777778,0.0,1.0344827586206897,0.0
372,154203,0.3571428571428571,0.0,0.8333333333333333,1.0256410256410255,0.3448275862068966,0.37037037037037035
373,241386,0.0,1.25,0.2777777777777778,0.2564102564102564,0.3448275862068966,0.0
374,31594,0.0,0.0,0.2777777777777778,0.5128205128205128,0.3448275862068966,0.37037037037037035
375,257499,0.0,0.625,0.5555555555555556,0.5128205128205128,0.0,0.0
376,251219,0.0,1.5625,0.2777777777777778,0.2564102564102564,0.0,0.37037037037037035
377,235488,0.0,0.3125,0.0,0.2564102564102564,0.3448275862068966,0.0
378,143515,0.0,0.3125,0.0,0.5128205128205128,0.6896551724137931,0.0
379,269144,0.0,0.0,0.5555555555555556,0.0,0.6896551724137931,0.37037037037037035
380,12942,0.7142857142857142,0.0,0.2777777777777778,0.0,0.3448275862068966,0.37037037037037035
381,811,0.0,0.0,0.0,0.0,0.6896551724137931,0.0
382,233371,0.3571428571428571,0.3125,0.5555555555555556,0.0,0.6896551724137931,0.37037037037037035
383,878,0.0,0.0,0.0,0.0,0.6896551724137931,0.0
384,107529,0.0,0.9375,0.2777777777777778,0.0,0.3448275862068966,0.37037037037037035
385,102680,0.0,0.3125,0.5555555555555556,0.0,0.6896551724137931,0.0
386,206940,0.0,0.9375,0.0,0.0,0.3448275862068966,0.0
387,125898,0.0,0.9375,0.5555555555555556,0.5128205128205128,0.3448275862068966,0.0
388,203430,0.0,0.0,0.2777777777777778,0.0,0.3448275862068966,0.0
389,280811,0.0,0.0,0.2777777777777778,0.0,0.0,0.37037037037037035
390,159581,0.0,0.0,0.0,0.0,0.6896551724137931,0.0
391,6249,0.0,0.0,0.2777777777777778,0.0,1.3793103448275863,0.0
392,154809,0.0,0.3125,0.0,0.2564102564102564,0.0,0.0
393,179071,0.3571428571428571,0.0,0.0,0.0,0.3448275862068966,0.0
394,10630,0.0,1.875,0.8333333333333333,0.5128205128205128,0.6896551724137931,0.7407407407407407
395,131287,0.3571428571428571,1.5625,0.0,0.2564102564102564,0.0,0.37037037037037035
396,192135,0.0,0.625,1.1111111111111112,0.7692307692307693,1.0344827586206897,0.37037037037037035
397,252526,0.0,0.0,0.0,0.0,0.3448275862068966,0.37037037037037035
398,1041,0.0,0.3125,0.2777777777777778,0.2564102564102564,0.0,0.0
399,109276,0.3571428571428571,0.0,0.0,0.7692307692307693,0.0,0.0
400,172,1.0714285714285714,0.0,0.2777777777777778,0.0,0.3448275862068966,0.0
401,254640,0.0,0.0,0.5555555555555556,0.0,0.0,0.0
402,238638,0.0,0.3125,0.0,0.0,0.6896551724137931,0.0
403,156566,0.0,0.9375,0.2777777777777778,0.5128205128205128,0.0,0.0
404,280453,0.0,0.0,0.2777777777777778,0.0,0.3448275862068966,0.37037037037037035
405,236191,0.3571428571428571,0.0,0.5555555555555556,0.2564102564102564,0.3448275862068966,0.0
406,246900,0.3571428571428571,1.5625,0.8333333333333333,1.282051282051282,0.6896551724137931,0.0
407,3,0.0,0.625,0.0,0.2564102564102564,1.0344827586206897,0.0
408,1125,0.3571428571428571,0.625,0.2777777777777778,0.0,0.0,0.0
409,65781,0.0,0.0,0.2777777777777778,0.0,0.3448275862068966,0.0
410,67492,0.0,0.9375,0.5555555555555556,0.7692307692307693,0.3448275862068966,0.0
411,194655,0.0,1.25,0.2777777777777778,0.2564102564102564,0.3448275862068966,0.0
412,121921,0.0,1.875,0.8333333333333333,1.282051282051282,0.6896551724137931,0.0
413,154906,0.0,0.0,0.0,0.2564102564102564,0.6896551724137931,0.0
414,169255,0.0,0.3125,1.1111111111111112,0.2564102564102564,0.3448275862068966,0.0
415,619,0.0,0.0,0.2777777777777778,0.0,0.3448275862068966,0.37037037037037035
416,131357,0.0,0.0,0.2777777777777778,0.2564102564102564,1.0344827586206897,0.0
417,140535,0.0,0.0,0.2777777777777778,0.0,0.3448275862068966,0.0
418,307204,0.0,0.0,0.8333333333333333,0.0,0.6896551724137931,0.0
419,143693,0.0,0.0,0.8333333333333333,0.7692307692307693,1.0344827586206897,0.7407407407407407
420,155987,0.0,0.0,0.5555555555555556,0.0,1.0344827586206897,0.37037037037037035
421,3284,0.0,0.3125,0.2777777777777778,0.2564102564102564,0.3448275862068966,0.0
422,262712,0.0,0.3125,0.8333333333333333,0.2564102564102564,0.3448275862068966,0.37037037037037035
423,267998,0.0,0.0,0.0,0.2564102564102564,0.0,0.0
424,272739,0.0,0.625,0.5555555555555556,0.0,0.3448275862068966,0.37037037037037035
425,104955,0.0,0.625,0.0,0.2564102564102564,0.3448275862068966,0.0
426,41863,0.0,0.625,0.2777777777777778,0.0,0.0,0.37037037037037035
427,273473,0.0,0.0,0.5555555555555556,0.2564102564102564,1.0344827586206897,0.0
428,466,0.0,0.625,0.2777777777777778,0.0,0.0,0.0
429,30869,0.0,0.625,0.0,0.0,0.3448275862068966,0.0
430,269210,0.0,0.3125,0.2777777777777778,0.2564102564102564,0.0,0.37037037037037035
431,13004,0.0,0.3125,0.0,0.2564102564102564,0.6896551724137931,0.0
432,24509,0.0,0.0,0.0,0.0,0.6896551724137931,0.0
433,72991,0.0,0.0,0.0,0.2564102564102564,1.0344827586206897,0.0
434,199,0.0,0.3125,0.0,0.0,0.3448275862068966,0.0
435,2569,0.0,0.3125,0.2777777777777778,0.0,0.3448275862068966,0.0
436,24181,0.7142857142857142,0.625,0.2777777777777778,0.5128205128205128,0.0,0.0
437,39351,0.3571428571428571,0.0,0.0,0.2564102564102564,0.0,0.0
438,158600,0.0,0.3125,0.2777777777777778,0.2564102564102564,0.3448275862068966,0.0
439,31999,0.0,0.625,0.0,0.0,0.0,0.0
440,205418,0.0,0.0,0.0,0.5128205128205128,0.0,0.0
441,123185,0.0,0.9375,0.2777777777777778,0.0,0.0,0.0
442,128996,0.0,1.25,0.5555555555555556,0.7692307692307693,0.0,0.0
443,194607,0.0,0.0,0.0,0.2564102564102564,0.6896551724137931,0.37037037037037035
444,75789,0.0,0.0,0.0,0.2564102564102564,0.3448275862068966,0.0
445,2346,0.0,0.625,0.0,0.0,0.0,0.0
446,157809,0.0,0.3125,0.2777777777777778,0.5128205128205128,0.0,0.7407407407407407
447,30933,0.0,0.0,0.5555555555555556,0.2564102564102564,1.0344827586206897,0.0
448,17396,0.0,0.625,0.5555555555555556,0.2564102564102564,0.6896551724137931,0.0
449,147303,0.0,0.3125,0.0,0.0,0.6896551724137931,0.0
450,216632,0.0,0.0,0.2777777777777778,0.2564102564102564,0.3448275862068966,0.0
451,284818,0.0,0.0,0.8333333333333333,1.0256410256410255,0.0,0.37037037037037035
452,129437,0.0,0.0,0.5555555555555556,0.2564102564102564,0.3448275862068966,0.37037037037037035
453,3383,0.0,0.625,0.0,0.0,0.0,0.37037037037037035
454,220367,0.0,0.9375,0.8333333333333333,0.2564102564102564,0.0,0.0
455,3201,0.0,0.3125,0.5555555555555556,0.5128205128205128,0.6896551724137931,0.0
456,169794,0.0,0.0,0.2777777777777778,0.5128205128205128,0.0,0.7407407407407407
457,171668,0.0,0.0,0.5555555555555556,0.2564102564102564,0.6896551724137931,0.37037037037037035
458,19857,0.0,0.0,0.0,0.2564102564102564,0.6896551724137931,1.1111111111111112
459,145371,0.0,0.625,1.3888888888888888,0.2564102564102564,0.3448275862068966,0.0
460,136056,0.0,0.0,0.0,0.2564102564102564,0.6896551724137931,0.0
461,219215,0.0,0.0,0.8333333333333333,0.2564102564102564,0.3448275862068966,0.0
462,191977,0.0,0.0,0.2777777777777778,0.5128205128205128,0.6896551724137931,0.0
463,8989,0.0,0.9375,0.0,0.2564102564102564,0.3448275862068966,0.0
464,199,0.0,0.3125,0.0,0.0,0.3448275862068966,0.0
465,26566,1.4285714285714284,0.0,0.2777777777777778,0.0,0.0,0.0
466,22345,0.0,0.625,0.0,0.2564102564102564,0.0,0.0
467,183251,0.0,0.625,0.2777777777777778,0.0,0.6896551724137931,0.37037037037037035
468,48726,0.0,0.9375,0.2777777777777778,0.0,0.0,0.0
469,23540,1.0714285714285714,0.625,0.5555555555555556,0.0,0.3448275862068966,0.0
470,36811,0.0,0.625,0.0,0.2564102564102564,0.3448275862068966,0.0
471,3085,0.0,0.0,0.0,0.0,1.3793103448275863,0.0
472,1403,0.0,0.0,0.2777777777777778,0.0,1.0344827586206897,0.0
473,241724,0.0,0.0,0.5555555555555556,0.0,0.3448275862068966,0.0
474,13642,0.0,0.3125,0.2777777777777778,0.0,0.6896551724137931,0.0
475,191231,0.0,0.625,0.0,0.2564102564102564,0.0,0.0
476,193037,0.0,0.625,1.1111111111111112,0.5128205128205128,0.3448275862068966,0.7407407407407407
477,122515,1.4285714285714284,0.9375,0.8333333333333333,0.2564102564102564,0.6896551724137931,0.7407407407407407
478,192153,0.3571428571428571,0.3125,0.2777777777777778,0.5128205128205128,0.6896551724137931,0.0
479,216734,0.0,0.3125,0.5555555555555556,0.5128205128205128,0.0,0.0
480,20551,0.0,0.625,0.5555555555555556,0.7692307692307693,0.0,0.0
481,22825,0.0,0.625,0.5555555555555556,0.2564102564102564,0.3448275862068966,0.0
482,50,0.0,0.0,0.0,0.0,0.6896551724137931,0.7407407407407407
483,166226,0.0,0.3125,0.5555555555555556,0.0,0.6896551724137931,0.0
484,218530,0.0,0.3125,0.5555555555555556,0.0,0.6896551724137931,0.0
485,27746,0.3571428571428571,0.625,0.2777777777777778,0.0,0.3448275862068966,0.0
486,203417,0.0,0.0,0.2777777777777778,0.0,0.0,0.0
487,2536,0.0,0.0,0.2777777777777778,0.0,0.0,0.0
488,130960,0.0,1.25,0.5555555555555556,0.0,0.3448275862068966,0.0
489,105593,0.0,0.0,0.0,0.0,0.3448275862068966,0.0
490,43570,0.0,0.0,0.2777777777777778,0.0,0.6896551724137931,0.37037037037037035
491,91984,0.0,0.3125,0.2777777777777778,0.2564102564102564,0.0,0.0
492,287954,0.0,0.0,0.2777777777777778,0.2564102564102564,1.0344827586206897,0.37037037037037035
493,168435,0.0,0.0,0.8333333333333333,0.2564102564102564,0.6896551724137931,0.37037037037037035
494,287084,0.0,0.0,0.5555555555555556,0.5128205128205128,0.3448275862068966,0.0
495,256226,0.0,0.0,0.5555555555555556,0.2564102564102564,1.0344827586206897,0.37037037037037035
496,73,0.3571428571428571,0.0,0.2777777777777778,0.0,0.3448275862068966,0.0
497,267367,0.0,0.3125,0.5555555555555556,0.0,0.6896551724137931,0.0
498,527,0.0,0.3125,0.0,0.0,0.3448275862068966,0.0
499,21241,0.0,0.9375,0.5555555555555556,0.5128205128205128,1.0344827586206897,0.37037037037037035
500,94362,0.3571428571428571,0.3125,0.2777777777777778,0.2564102564102564,0.6896551724137931,0.0
501,135281,0.3571428571428571,1.25,0.2777777777777778,0.0,0.0,0.0
502,148575,0.0,0.3125,0.0,0.2564102564102564,0.3448275862068966,0.0
503,73761,0.0,0.3125,0.5555555555555556,0.0,0.6896551724137931,0.0
504,269207,0.0,0.3125,0.2777777777777778,0.0,0.3448275862068966,0.0
505,24417,0.0,0.0,0.2777777777777778,0.0,0.3448275862068966,0.37037037037037035
506,40832,0.0,0.0,0.0,0.0,0.6896551724137931,0.0
507,39534,0.0,0.0,0.2777777777777778,0.0,0.6896551724137931,0.37037037037037035
508,182631,0.3571428571428571,0.0,0.5555555555555556,0.0,0.6896551724137931,0.0
509,129051,0.0,0.0,0.0,0.2564102564102564,0.0,0.0
510,193214,0.0,0.0,0.2777777777777778,0.0,0.3448275862068966,0.7407407407407407
511,215341,0.0,0.0,0.0,0.0,0.3448275862068966,0.0
512,241266,0.0,0.0,0.0,0.2564102564102564,0.3448275862068966,0.0
513,204583,0.0,0.0,0.5555555555555556,0.0,0.3448275862068966,0.0
514,4390,0.0,0.625,0.0,0.0,0.3448275862068966,0.0
515,62222,0.0,0.9375,0.5555555555555556,0.2564102564102564,0.3448275862068966,0.37037037037037035
516,169654,0.0,0.625,0.0,0.0,0.0,0.37037037037037035
517,72287,0.0,0.3125,0.2777777777777778,0.0,0.3448275862068966,0.0
518,34084,0.0,0.0,0.2777777777777778,0.0,0.3448275862068966,0.0
519,2338,0.3571428571428571,0.3125,0.0,0.0,0.3448275862068966,0.37037037037037035
520,234277,0.0,0.0,0.0,0.2564102564102564,0.0,0.0
521,87890,0.3571428571428571,0.0,0.2777777777777778,0.2564102564102564,0.3448275862068966,0.0
522,151022,0.0,0.0,0.8333333333333333,0.0,0.6896551724137931,0.0
523,296100,0.3571428571428571,0.3125,0.2777777777777778,0.0,1.0344827586206897,0.37037037037037035
524,27173,0.3571428571428571,0.0,0.2777777777777778,0.2564102564102564,0.3448275862068966,0.0
525,176396,0.0,0.3125,0.0,0.0,1.3793103448275863,0.0
526,304042,0.0,0.3125,0.5555555555555556,0.5128205128205128,0.6896551724137931,0.0
527,12493,0.7142857142857142,0.9375,0.5555555555555556,1.0256410256410255,0.6896551724137931,0.37037037037037035
528,102652,0.0,0.0,0.5555555555555556,0.2564102564102564,0.3448275862068966,0.0
529,234248,0.0,0.0,0.0,0.0,0.6896551724137931,0.0
530,197405,0.0,0.625,0.0,0.0,0.3448275862068966,0.0
531,171273,0.0,0.3125,0.8333333333333333,0.0,0.3448275862068966,0.7407407407407407
532,144592,0.0,0.3125,0.8333333333333333,0.2564102564102564,0.0,0.0
533,151347,0.7142857142857142,0.0,0.2777777777777778,0.0,1.0344827586206897,0.7407407407407407
534,528,0.0,0.625,0.0,0.0,0.3448275862068966,0.0
535,3955,0.0,0.0,0.8333333333333333,0.2564102564102564,1.0344827586206897,0.0
536,17223,0.0,0.625,0.2777777777777778,0.2564102564102564,0.3448275862068966,0.0
537,8051,0.0,0.3125,0.2777777777777778,0.0,0.3448275862068966,0.0
538,235591,0.0,0.625,0.0,0.0,0.0,0.0
539,54138,0.7142857142857142,0.625,0.2777777777777778,0.2564102564102564,0.0,0.0
540,91873,0.3571428571428571,0.3125,0.2777777777777778,0.0,0.6896551724137931,0.0
541,5782,0.0,0.0,0.2777777777777778,0.0,0.3448275862068966,0.37037037037037035
542,237792,0.0,0.0,0.0,0.0,1.0344827586206897,0.0
543,284435,0.0,0.625,0.0,0.2564102564102564,0.3448275862068966,0.0
544,256320,0.0,0.0,0.2777777777777778,0.0,0.6896551724137931,0.0
545,21050,0.0,0.625,0.2777777777777778,0.5128205128205128,0.0,0.37037037037037035
546,146439,0.0,0.625,0.5555555555555556,0.5128205128205128,0.0,0.0
547,284378,0.0,0.0,0.0,0.7692307692307693,0.3448275862068966,0.0
548,70919,0.0,1.25,0.2777777777777778,0.5128205128205128,1.0344827586206897,0.37037037037037035
549,212516,0.0,0.3125,0.0,0.2564102564102564,0.6896551724137931,0.0
550,811,0.0,0.0,0.0,0.0,0.6896551724137931,0.0
551,123123,0.0,0.3125,0.8333333333333333,0.2564102564102564,0.3448275862068966,0.0
552,129945,0.3571428571428571,0.625,0.5555555555555556,0.0,0.0,0.0
553,22237,0.0,0.0,0.0,0.0,0.3448275862068966,0.0
554,40760,0.0,0.9375,0.0,0.2564102564102564,0.3448275862068966,0.0
555,220520,0.0,0.0,0.0,0.2564102564102564,0.3448275862068966,0.0
556,161617,0.0,0.0,0.2777777777777778,0.5128205128205128,0.6896551724137931,0.0
557,3439,0.0,0.3125,0.0,0.5128205128205128,0.0,0.0
558,178866,0.0,0.0,0.2777777777777778,0.5128205128205128,0.3448275862068966,0.0
559,30957,0.0,0.0,0.5555555555555556,0.2564102564102564,0.6896551724137931,0.37037037037037035
560,162286,0.3571428571428571,0.0,0.0,0.2564102564102564,1.3793103448275863,0.0
561,70,0.0,0.0,0.2777777777777778,0.0,0.6896551724137931,0.0
562,163413,0.0,0.3125,0.0,0.0,0.3448275862068966,0.0
563,143882,0.0,0.0,0.0,0.0,0.3448275862068966,0.0
564,394,0.0,0.625,0.5555555555555556,0.0,0.3448275862068966,0.0
565,176130,0.0,0.625,1.1111111111111112,0.0,0.3448275862068966,0.0
566,251053,0.0,0.3125,0.0,0.0,1.0344827586206897,0.37037037037037035
567,43528,0.0,0.0,0.0,0.2564102564102564,0.3448275862068966,0.0
568,200057,0.0,0.3125,0.2777777777777778,0.2564102564102564,0.0,0.0
569,142084,0.0,0.3125,0.2777777777777778,0.5128205128205128,0.6896551724137931,0.0
570,125548,0.0,0.0,0.2777777777777778,0.2564102564102564,0.3448275862068966,0.0
571,184151,0.0,0.0,0.5555555555555556,0.5128205128205128,0.6896551724137931,0.0
572,262543,0.0,0.3125,0.5555555555555556,0.0,0.3448275862068966,0.0
573,823,0.0,0.3125,0.2777777777777778,0.2564102564102564,0.6896551724137931,0.0
574,170771,0.0,0.625,1.1111111111111112,0.5128205128205128,0.0,0.0
575,151007,0.0,0.3125,0.5555555555555556,0.2564102564102564,1.0344827586206897,0.0
576,27162,0.0,0.625,0.0,0.0,0.0,0.0
577,1382,0.0,0.3125,0.2777777777777778,0.0,0.0,0.0
578,121288,0.0,0.0,0.5555555555555556,0.0,0.3448275862068966,0.7407407407407407
579,130877,0.0,0.0,0.5555555555555556,0.2564102564102564,0.0,0.0
580,206931,0.0,0.3125,0.2777777777777778,0.0,0.0,0.37037037037037035
581,65901,0.7142857142857142,0.3125,0.2777777777777778,0.0,0.3448275862068966,0.0
582,38453,0.0,0.3125,0.8333333333333333,0.2564102564102564,0.3448275862068966,0.7407407407407407
583,111341,0.0,0.3125,1.1111111111111112,0.2564102564102564,0.3448275862068966,0.37037037037037035
584,29223,0.0,0.625,0.0,0.0,0.3448275862068966,0.0
585,520,0.0,0.9375,0.2777777777777778,0.0,0.0,0.0
586,183840,0.0,0.0,0.0,0.2564102564102564,0.6896551724137931,0.37037037037037035
587,128721,0.3571428571428571,0.0,0.0,0.2564102564102564,0.0,0.0
588,167400,0.0,0.625,0.2777777777777778,0.5128205128205128,0.6896551724137931,0.0
589,232043,0.0,0.0,0.2777777777777778,0.2564102564102564,0.6896551724137931,0.0
590,91872,0.0,0.625,1.1111111111111112,0.2564102564102564,0.0,0.0
591,244228,0.0,0.0,0.0,0.0,0.6896551724137931,0.0
592,158976,0.0,0.0,0.2777777777777778,0.0,0.6896551724137931,0.0
593,232219,0.0,0.0,0.2777777777777778,0.5128205128205128,1.0344827586206897,0.7407407407407407
594,319196,0.0,0.3125,0.0,0.5128205128205128,0.6896551724137931,0.0
595,224,0.0,0.625,0.0,0.0,0.3448275862068966,0.0
596,37046,0.0,0.625,0.8333333333333333,0.2564102564102564,0.3448275862068966,0.0
597,63888,0.0,0.0,0.2777777777777778,1.0256410256410255,0.6896551724137931,0.0
598,354,0.0,0.0,0.0,0.0,0.6896551724137931,0.0
599,155703,0.0,0.0,0.8333333333333333,0.2564102564102564,0.3448275862068966,0.7407407407407407
600,30380,0.3571428571428571,0.0,0.5555555555555556,0.2564102564102564,0.3448275862068966,0.0
601,197070,0.0,0.3125,0.5555555555555556,0.5128205128205128,0.3448275862068966,0.0
602,904,0.3571428571428571,0.0,0.2777777777777778,0.0,0.3448275862068966,0.0
603,192291,0.0,0.0,0.2777777777777778,0.2564102564102564,0.6896551724137931,0.37037037037037035
604,223953,0.0,0.0,0.2777777777777778,0.5128205128205128,0.0,0.7407407407407407
605,155624,0.0,0.9375,0.5555555555555556,0.5128205128205128,0.6896551724137931,0.0
606,191073,0.0,0.0,0.0,0.0,0.6896551724137931,0.0
607,171879,0.0,0.3125,0.0,0.5128205128205128,0.3448275862068966,0.0
608,41066,0.0,0.625,0.2777777777777778,0.5128205128205128,0.0,0.37037037037037035
609,27588,0.0,0.0,0.0,0.0,0.6896551724137931,0.0
610,136280,0.0,0.0,0.0,0.0,0.6896551724137931,0.37037037037037035
611,290448,0.0,0.3125,0.2777777777777778,0.0,0.6896551724137931,0.37037037037037035
612,195421,0.0,0.625,0.5555555555555556,0.5128205128205128,0.6896551724137931,0.37037037037037035
613,102181,0.0,0.0,0.0,0.0,0.3448275862068966,0.0
614,90137,0.0,0.625,0.2777777777777778,0.0,0.6896551724137931,0.0
615,268586,0.0,0.0,0.0,0.0,0.3448275862068966,0.0
616,242574,0.0,0.625,0.2777777777777778,0.5128205128205128,0.3448275862068966,0.0
617,129948,0.0,0.0,0.0,0.0,0.6896551724137931,0.0
618,2655,0.0,0.9375,0.0,0.0,1.0344827586206897,0.7407407407407407
619,372,0.0,0.0,0.0,0.2564102564102564,1.0344827586206897,0.0
620,191876,0.3571428571428571,0.3125,0.0,0.2564102564102564,0.3448275862068966,0.37037037037037035
621,175155,0.0,1.25,0.2777777777777778,0.5128205128205128,0.3448275862068966,0.0
622,42487,0.0,0.0,0.2777777777777778,0.0,0.6896551724137931,0.0
623,145588,0.0,0.0,0.0,0.0,0.6896551724137931,0.0
624,41002,0.0,0.0,0.0,0.5128205128205128,0.3448275862068966,0.37037037037037035
625,152959,0.0,0.0,0.0,0.0,0.0,0.0
626,164205,0.0,0.3125,0.0,0.2564102564102564,0.3448275862068966,0.0
627,253664,0.0,0.0,0.0,0.0,0.3448275862068966,0.0
628,179275,0.0,0.3125,0.5555555555555556,0.5128205128205128,1.0344827586206897,0.0
629,144797,0.0,0.625,0.5555555555555556,0.5128205128205128,0.0,0.0
630,173101,0.0,0.625,0.0,0.0,0.3448275862068966,0.0
631,4099,0.0,0.0,0.5555555555555556,0.2564102564102564,0.6896551724137931,0.0
632,166384,0.0,0.0,1.3888888888888888,0.0,0.6896551724137931,0.37037037037037035
633,31730,1.0714285714285714,0.3125,0.5555555555555556,0.0,0.0,0.0
634,5781,0.0,0.0,0.2777777777777778,0.0,0.3448275862068966,0.0
635,98778,0.0,0.0,0.5555555555555556,0.0,1.0344827586206897,0.0
636,133848,0.0,0.9375,0.0,0.5128205128205128,0.6896551724137931,0.0
637,132372,0.0,0.0,0.2777777777777778,0.0,0.6896551724137931,0.0
638,260757,0.0,0.0,0.2777777777777778,0.0,0.3448275862068966,0.0
639,196526,0.0,0.0,0.2777777777777778,0.2564102564102564,0.6896551724137931,0.7407407407407407
640,22545,0.0,0.625,0.0,0.5128205128205128,0.3448275862068966,0.0
641,106217,0.0,0.3125,0.2777777777777778,0.5128205128205128,0.0,0.0
642,179803,0.0,0.625,0.2777777777777778,0.5128205128205128,0.6896551724137931,0.0
643,27364,0.0,0.0,0.0,0.2564102564102564,0.3448275862068966,0.0
644,483,0.0,0.625,0.8333333333333333,0.0,0.3448275862068966,0.0
645,172546,0.0,0.3125,0.2777777777777778,0.2564102564102564,0.3448275862068966,0.0
646,70512,0.0,0.625,0.5555555555555556,0.2564102564102564,0.3448275862068966,0.0
647,293014,1.4285714285714284,0.0,0.5555555555555556,0.0,0.3448275862068966,0.0
648,200934,0.0,0.0,0.0,0.2564102564102564,0.3448275862068966,0.0
649,227515,0.0,0.3125,0.2777777777777778,0.2564102564102564,0.6896551724137931,0.0
650,158356,0.0,0.0,0.2777777777777778,0.0,0.3448275862068966,0.0
651,17226,0.0,0.625,0.8333333333333333,0.2564102564102564,0.0,0.0
652,287607,0.0,0.0,0.2777777777777778,0.0,0.3448275862068966,0.0
653,59946,0.0,0.625,1.1111111111111112,0.2564102564102564,0.0,0.0
654,255823,0.0,0.625,1.3888888888888888,0.2564102564102564,0.3448275862068966,0.0
655,220877,0.0,1.25,0.0,0.2564102564102564,0.3448275862068966,0.37037037037037035
656,949,0.0,0.3125,0.0,0.0,0.0,0.37037037037037035
657,209886,0.0,0.3125,0.0,0.0,0.0,0.0
658,265188,0.7142857142857142,0.625,0.0,0.0,0.6896551724137931,0.0
659,137297,0.0,0.0,0.2777777777777778,0.0,0.6896551724137931,0.37037037037037035
660,119391,0.0,0.9375,0.2777777777777778,1.0256410256410255,0.3448275862068966,0.7407407407407407
661,19600,0.0,0.625,0.0,0.2564102564102564,0.0,0.0
662,218293,0.0,0.625,0.2777777777777778,0.5128205128205128,0.3448275862068966,0.0
663,55670,0.0,0.9375,0.2777777777777778,0.2564102564102564,0.6896551724137931,0.0
664,142326,0.3571428571428571,0.625,0.5555555555555556,0.2564102564102564,0.3448275862068966,0.0
665,103886,0.0,0.0,0.2777777777777778,0.5128205128205128,0.3448275862068966,0.0
666,42215,0.0,0.625,0.2777777777777778,0.0,0.6896551724137931,0.37037037037037035
667,162823,0.0,0.3125,0.0,0.2564102564102564,0.3448275862068966,0.0
668,258444,0.0,0.0,0.0,0.2564102564102564,1.0344827586206897,0.37037037037037035
669,50768,0.0,0.3125,0.0,0.2564102564102564,0.6896551724137931,0.37037037037037035
670,169426,0.0,0.3125,0.5555555555555556,0.5128205128205128,0.3448275862068966,0.0
671,244262,0.0,0.3125,0.2777777777777778,0.0,0.6896551724137931,0.0
672,7717,0.0,0.3125,0.0,0.0,0.6896551724137931,0.0
673,97786,0.0,0.9375,0.2777777777777778,0.2564102564102564,0.0,0.0
674,166857,0.0,0.625,0.0,0.7692307692307693,0.0,0.0
675,46,1.0714285714285714,0.0,0.2777777777777778,0.0,0.3448275862068966,0.37037037037037035
676,257496,0.0,0.625,0.8333333333333333,0.2564102564102564,0.6896551724137931,0.0
677,32928,0.0,0.0,0.2777777777777778,0.0,0.3448275862068966,0.0
678,145659,0.3571428571428571,0.3125,0.2777777777777778,0.2564102564102564,0.3448275862068966,0.0
679,66356,0.0,0.625,1.1111111111111112,0.2564102564102564,0.0,0.0
680,19764,0.0,0.625,0.0,0.0,0.0,0.0
681,109296,0.0,0.3125,0.0,0.0,0.0,0.0
682,214000,0.0,0.0,0.2777777777777778,0.5128205128205128,0.3448275862068966,0.0
683,25643,0.3571428571428571,0.3125,0.0,0.0,0.6896551724137931,0.0
684,17530,0.0,0.0,0.0,0.0,0.6896551724137931,0.37037037037037035
685,187121,0.0,0.625,0.0,0.2564102564102564,0.0,0.0
686,203780,0.0,0.0,0.2777777777777778,0.0,0.0,0.0
687,36932,0.0,0.625,0.2777777777777778,0.5128205128205128,0.3448275862068966,0.0
688,1513,0.0,0.3125,0.8333333333333333,0.2564102564102564,0.3448275862068966,0.37037037037037035
689,632,0.0,0.625,0.2777777777777778,0.0,0.3448275862068966,0.37037037037037035
690,269971,0.0,0.0,0.0,0.0,0.0,0.0
691,136888,0.0,0.3125,0.0,0.0,0.3448275862068966,0.0
692,118,2.142857142857143,0.0,0.2777777777777778,0.0,0.3448275862068966,0.0
693,2612,0.7142857142857142,0.3125,0.2777777777777778,0.0,0.0,0.0
694,175475,0.0,0.0,0.0,0.0,0.6896551724137931,0.0
695,63706,0.0,0.0,0.0,0.0,0.3448275862068966,0.0
696,223952,0.0,0.0,0.0,0.0,0.3448275862068966,0.0
697,22827,0.0,0.9375,0.2777777777777778,0.5128205128205128,0.3448275862068966,0.0
698,2065,0.0,0.3125,0.0,0.0,0.6896551724137931,0.0
699,62227,0.0,1.25,0.5555555555555556,1.5384615384615385,0.6896551724137931,0.7407407407407407
700,199478,0.0,0.625,0.8333333333333333,0.2564102564102564,0.3448275862068966,0.37037037037037035
701,40765,0.3571428571428571,1.25,0.2777777777777778,0.5128205128205128,0.3448275862068966,0.0
702,172818,0.3571428571428571,0.3125,0.2777777777777778,0.5128205128205128,0.3448275862068966,0.37037037037037035
703,270364,0.0,0.625,0.0,0.5128205128205128,0.6896551724137931,0.0
704,52461,0.0,0.3125,0.5555555555555556,0.5128205128205128,0.6896551724137931,0.37037037037037035
705,169611,0.0,0.0,0.0,0.0,0.6896551724137931,0.0
706,21241,0.0,0.9375,0.5555555555555556,0.5128205128205128,1.0344827586206897,0.37037037037037035
707,175,0.3571428571428571,0.0,0.2777777777777778,0.0,0.0,0.0
708,166571,0.0,0.625,0.2777777777777778,0.0,1.0344827586206897,0.0
709,37904,0.0,1.875,0.2777777777777778,0.0,0.3448275862068966,0.7407407407407407
710,24565,0.0,0.625,0.2777777777777778,0.2564102564102564,0.0,0.0
711,686,0.0,0.0,0.0,0.0,0.3448275862068966,0.0
712,831,0.3571428571428571,0.0,0.5555555555555556,0.0,0.0,0.0
713,293473,0.0,0.9375,0.0,0.7692307692307693,0.6896551724137931,0.37037037037037035
714,26990,0.7142857142857142,0.3125,0.2777777777777778,0.0,0.3448275862068966,0.0
715,159508,0.3571428571428571,0.625,0.8333333333333333,0.5128205128205128,0.3448275862068966,0.7407407407407407
716,92415,0.0,0.0,0.2777777777777778,0.0,0.6896551724137931,0.0
717,3685,0.0,0.625,0.8333333333333333,0.0,0.3448275862068966,0.37037037037037035
718,282524,0.0,0.9375,0.5555555555555556,0.5128205128205128,0.0,0.37037037037037035
719,170416,0.0,0.625,0.8333333333333333,0.5128205128205128,0.6896551724137931,0.0
720,214880,0.7142857142857142,0.0,0.2777777777777778,0.5128205128205128,0.3448275862068966,0.0
721,130176,0.0,0.0,0.2777777777777778,0.0,0.3448275862068966,0.0
722,81640,0.0,0.0,0.0,0.2564102564102564,0.0,0.0
723,181530,0.0,1.5625,0.2777777777777778,0.7692307692307693,0.3448275862068966,0.37037037037037035
724,55690,0.0,0.625,0.8333333333333333,0.2564102564102564,0.0,0.37037037037037035
725,195528,0.0,0.3125,0.2777777777777778,0.0,0.0,0.37037037037037035
726,2393,0.0,0.3125,0.0,0.0,0.0,0.0
727,85005,0.0,0.3125,0.5555555555555556,0.0,0.3448275862068966,0.0
728,37380,0.0,0.625,0.2777777777777778,0.7692307692307693,0.0,0.7407407407407407
729,269259,0.0,0.0,0.0,0.0,0.3448275862068966,0.37037037037037035
730,117915,0.0,0.3125,0.2777777777777778,0.5128205128205128,0.6896551724137931,0.0
731,811,0.0,0.0,0.0,0.0,0.6896551724137931,0.0
732,157096,0.0,0.3125,0.2777777777777778,0.2564102564102564,0.3448275862068966,0.0
733,424,0.3571428571428571,0.625,0.2777777777777778,0.0,0.0,0.0
734,41003,0.0,0.0,0.0,0.0,0.3448275862068966,0.37037037037037035
735,168584,0.0,0.0,0.0,0.0,0.6896551724137931,0.0
736,195043,0.0,0.0,0.0,0.0,0.6896551724137931,0.37037037037037035
737,181279,0.0,0.3125,0.5555555555555556,0.2564102564102564,0.3448275862068966,0.37037037037037035
738,215842,0.0,0.0,0.2777777777777778,0.0,0.0,0.0
739,207691,0.0,0.625,0.0,0.2564102564102564,0.0,0.0
740,8045,0.0,0.625,0.2777777777777778,0.2564102564102564,0.0,0.0
741,95527,0.0,0.9375,0.5555555555555556,0.2564102564102564,0.0,0.0
742,132018,0.0,0.625,0.8333333333333333,0.0,0.0,0.0
743,41,0.0,0.3125,0.0,0.0,0.0,0.37037037037037035
744,162082,0.3571428571428571,1.25,0.2777777777777778,0.0,0.3448275862068966,0.37037037037037035
745,198525,0.0,0.3125,0.0,0.2564102564102564,0.6896551724137931,0.0
746,93724,0.3571428571428571,0.0,0.2777777777777778,0.0,0.0,0.0
747,16366,0.0,0.0,0.5555555555555556,0.0,0.3448275862068966,0.37037037037037035
748,282673,0.0,0.0,0.5555555555555556,0.0,0.6896551724137931,0.0
749,270673,0.0,0.0,0.0,0.2564102564102564,1.0344827586206897,0.7407407407407407
750,59294,0.0,0.625,0.8333333333333333,0.2564102564102564,0.0,0.0
751,146418,0.0,0.625,0.5555555555555556,0.2564102564102564,0.6896551724137931,0.0
752,31621,0.0,0.3125,0.0,0.0,0.0,0.0
753,322204,0.0,0.0,0.0,0.0,0.0,0.7407407407407407
754,204184,0.3571428571428571,0.625,0.5555555555555556,1.0256410256410255,0.6896551724137931,0.0
755,3341,0.0,0.0,0.5555555555555556,0.0,0.3448275862068966,0.0
756,170199,0.0,0.625,0.2777777777777778,0.5128205128205128,0.3448275862068966,0.0
757,176544,0.0,0.0,0.2777777777777778,0.5128205128205128,0.3448275862068966,0.0
758,142039,0.0,0.0,0.0,0.0,1.0344827586206897,0.0
759,24762,0.0,0.0,0.2777777777777778,0.0,0.3448275862068966,0.0
760,248005,0.0,0.0,0.2777777777777778,0.0,0.3448275862068966,0.0
761,217780,0.0,0.0,0.2777777777777778,0.7692307692307693,0.3448275862068966,0.0
762,3353,0.0,0.625,0.2777777777777778,0.2564102564102564,0.0,0.37037037037037035
763,554,0.3571428571428571,0.3125,0.5555555555555556,0.0,0.3448275862068966,0.0
764,154597,0.0,0.9375,0.0,0.0,1.0344827586206897,0.37037037037037035
765,443,0.0,0.0,0.0,0.0,0.0,0.37037037037037035
766,38309,0.0,0.625,0.2777777777777778,0.0,0.0,0.0
767,173761,0.0,0.0,0.0,0.0,0.3448275862068966,0.37037037037037035
768,5445,0.0,0.0,0.0,0.0,0.0,0.37037037037037035
769,147614,0.0,0.0,0.0,0.0,0.6896551724137931,0.0
770,184921,0.0,0.3125,0.0,0.2564102564102564,0.6896551724137931,0.37037037037037035
771,856,0.0,0.0,0.0,0.0,0.3448275862068966,0.0
772,19777,0.0,0.3125,0.2777777777777778,0.2564102564102564,0.0,0.0
773,176173,0.0,0.0,0.5555555555555556,0.0,0.3448275862068966,0.0
774,9674,0.0,0.0,0.2777777777777778,0.0,1.0344827586206897,0.37037037037037035
775,249411,0.0,0.625,0.0,0.5128205128205128,0.3448275862068966,0.0
776,231799,0.0,0.0,0.0,0.0,0.0,0.0
777,15512,0.0,0.0,0.2777777777777778,0.0,0.3448275862068966,0.7407407407407407
778,143986,0.0,0.3125,0.2777777777777778,0.2564102564102564,0.6896551724137931,0.7407407407407407
779,292643,0.3571428571428571,0.0,0.0,0.0,0.0,0.0
780,1345,0.3571428571428571,0.9375,0.8333333333333333,0.0,0.3448275862068966,0.0
781,136063,0.0,0.9375,0.8333333333333333,0.7692307692307693,1.0344827586206897,0.0
782,45315,0.0,0.0,0.2777777777777778,0.5128205128205128,0.6896551724137931,0.0
783,158275,0.0,0.3125,0.0,0.0,0.3448275862068966,0.0
784,2243,0.0,0.3125,0.0,0.2564102564102564,0.3448275862068966,0.7407407407407407
785,34219,0.7142857142857142,0.0,0.2777777777777778,0.2564102564102564,0.6896551724137931,0.0
786,58421,0.0,0.0,0.2777777777777778,0.5128205128205128,0.0,0.37037037037037035
787,322,0.0,0.3125,0.5555555555555556,0.0,0.3448275862068966,0.0
788,197831,0.0,0.625,1.1111111111111112,0.2564102564102564,0.3448275862068966,0.0
789,191972,0.0,0.3125,0.2777777777777778,0.2564102564102564,0.0,0.37037037037037035
790,166286,0.0,0.3125,0.5555555555555556,0.2564102564102564,0.0,0.37037037037037035
791,253214,0.0,0.0,0.5555555555555556,0.0,0.3448275862068966,0.0
792,94,0.3571428571428571,0.3125,0.2777777777777778,0.0,0.0,0.0
793,224037,0.0,0.0,0.5555555555555556,0.0,0.0,0.37037037037037035
794,157413,0.0,0.0,0.0,0.2564102564102564,0.0,0.0
795,28023,0.0,0.625,0.2777777777777778,0.0,0.3448275862068966,0.0
796,206051,0.0,0.0,0.8333333333333333,0.0,0.3448275862068966,0.0
797,811,0.0,0.0,0.0,0.0,0.6896551724137931,0.0
798,5772,0.0,0.0,0.5555555555555556,0.0,0.0,0.0
799,215841,0.0,0.0,0.2777777777777778,0.0,0.0,0.0
800,180899,0.7142857142857142,0.0,0.0,0.0,0.3448275862068966,0.0
801,163642,0.0,0.3125,0.0,0.7692307692307693,0.3448275862068966,0.0
802,30381,0.0,0.0,0.0,0.2564102564102564,0.3448275862068966,0.0
803,265285,0.0,0.0,0.2777777777777778,0.0,1.0344827586206897,0.37037037037037035
804,8563,0.0,0.625,0.0,0.0,0.0,0.0
805,119788,0.0,1.25,0.2777777777777778,0.2564102564102564,0.3448275862068966,0.0
806,354,0.0,0.0,0.0,0.0,0.6896551724137931,0.0
807,157526,0.3571428571428571,0.0,0.2777777777777778,0.0,1.3793103448275863,0.0
808,131449,0.3571428571428571,0.3125,0.0,0.0,0.0,0.0
809,568,0.0,0.0,0.0,0.0,0.6896551724137931,0.0
810,343,0.0,0.0,0.0,0.0,0.0,0.0
811,43111,0.0,0.9375,0.5555555555555556,0.7692307692307693,0.3448275862068966,0.0
812,277085,0.0,0.0,0.0,0.0,0.6896551724137931,0.37037037037037035
813,192735,0.0,0.0,0.0,0.2564102564102564,0.3448275862068966,0.37037037037037035
814,172385,0.0,0.625,0.2777777777777778,0.0,0.3448275862068966,0.0
815,172225,0.0,0.0,0.5555555555555556,0.0,1.0344827586206897,0.37037037037037035
816,264238,0.0,0.0,0.2777777777777778,0.0,0.6896551724137931,0.0
817,193065,0.0,0.0,1.1111111111111112,0.2564102564102564,0.3448275862068966,0.0
818,65532,0.0,0.625,0.2777777777777778,0.5128205128205128,0.3448275862068966,0.0
819,135779,0.0,0.0,0.2777777777777778,0.0,1.0344827586206897,0.0
820,209778,0.0,0.625,1.1111111111111112,0.2564102564102564,0.0,0.7407407407407407
821,134352,0.0,0.0,0.5555555555555556,0.2564102564102564,0.0,0.7407407407407407
822,153737,0.0,0.625,0.0,0.2564102564102564,0.0,0.0
823,27969,0.0,0.625,0.2777777777777778,0.2564102564102564,0.0,0.37037037037037035
824,118,2.142857142857143,0.0,0.2777777777777778,0.0,0.3448275862068966,0.0
825,163930,0.0,0.0,0.2777777777777778,0.0,0.3448275862068966,0.37037037037037035
826,235944,0.0,0.0,0.0,0.0,0.0,0.0
827,27708,0.0,0.3125,0.2777777777777778,0.2564102564102564,0.3448275862068966,0.0
828,177478,0.0,0.3125,0.2777777777777778,0.2564102564102564,0.6896551724137931,0.0
829,248591,0.0,0.3125,0.0,0.5128205128205128,0.6896551724137931,0.0
830,79828,0.3571428571428571,0.9375,0.2777777777777778,0.0,0.6896551724137931,0.0
831,156009,0.0,0.0,0.2777777777777778,0.2564102564102564,0.3448275862068966,0.37037037037037035
832,306481,0.0,0.625,0.5555555555555556,0.5128205128205128,1.0344827586206897,0.37037037037037035
833,172994,0.0,0.3125,0.2777777777777778,0.0,0.3448275862068966,0.0
834,279869,0.0,0.0,0.0,0.0,0.6896551724137931,0.0
835,6411,0.0,0.0,0.0,0.0,1.0344827586206897,0.0
836,118,2.142857142857143,0.0,0.2777777777777778,0.0,0.3448275862068966,0.0
837,180901,0.0,0.625,0.2777777777777778,0.0,0.6896551724137931,0.0
838,217,0.0,0.3125,0.0,0.2564102564102564,0.3448275862068966,0.0
839,232414,0.3571428571428571,0.0,0.5555555555555556,0.0,0.6896551724137931,0.0
840,75789,0.0,0.0,0.0,0.2564102564102564,0.3448275862068966,0.0
841,247236,0.3571428571428571,0.3125,0.2777777777777778,0.2564102564102564,0.6896551724137931,0.0
842,63888,0.0,0.0,0.2777777777777778,1.0256410256410255,0.6896551724137931,0.0
843,232520,0.0,0.9375,0.0,0.2564102564102564,0.0,0.0
844,98,0.0,0.9375,0.2777777777777778,0.2564102564102564,0.0,0.0
845,181796,0.0,0.0,0.0,0.2564102564102564,0.3448275862068966,0.37037037037037035
846,42776,0.0,0.625,1.1111111111111112,0.2564102564102564,0.3448275862068966,0.0
847,112138,0.0,0.625,0.2777777777777778,0.5128205128205128,0.0,0.0
848,5716,0.0,0.0,0.2777777777777778,0.0,0.6896551724137931,0.0
849,98778,0.0,0.0,0.5555555555555556,0.0,1.0344827586206897,0.0
850,163166,0.0,0.0,0.8333333333333333,0.2564102564102564,0.3448275862068966,0.0
851,202670,0.0,0.3125,0.2777777777777778,0.0,0.6896551724137931,0.37037037037037035
852,261614,0.0,0.0,0.0,0.0,0.0,0.37037037037037035
853,122294,0.0,0.0,0.2777777777777778,0.0,0.6896551724137931,0.0
854,205885,0.0,0.0,0.0,0.0,0.3448275862068966,0.0
855,193739,0.3571428571428571,0.0,0.2777777777777778,0.2564102564102564,0.0,0.0
856,141517,0.0,0.625,0.5555555555555556,0.0,1.0344827586206897,0.0
857,183284,0.0,0.625,0.2777777777777778,0.0,0.3448275862068966,0.37037037037037035
858,238546,0.0,0.625,0.0,0.2564102564102564,0.3448275862068966,0.37037037037037035
859,283542,0.0,0.0,0.0,0.0,1.0344827586206897,0.0
860,146735,0.0,0.3125,0.2777777777777778,0.2564102564102564,0.3448275862068966,0.0
861,160477,0.0,0.625,0.0,0.0,1.0344827586206897,0.0
862,2955,0.0,0.625,0.0,0.2564102564102564,1.0344827586206897,0.0
863,146816,0.0,0.0,0.0,0.0,1.0344827586206897,0.0
864,125678,0.0,0.0,0.2777777777777778,0.0,0.3448275862068966,0.0
865,91620,0.3571428571428571,0.0,0.2777777777777778,0.0,1.3793103448275863,0.0
866,209660,0.0,0.3125,0.8333333333333333,0.2564102564102564,1.0344827586206897,0.0
867,260605,0.0,0.9375,0.2777777777777778,0.0,0.0,0.0
868,175307,0.0,0.0,0.0,0.0,0.6896551724137931,0.0
869,35497,0.0,0.0,0.2777777777777778,0.0,0.0,0.0
870,59,0.3571428571428571,0.0,0.2777777777777778,0.0,0.0,0.0
871,183006,0.0,0.3125,0.0,0.0,0.3448275862068966,0.37037037037037035
872,315048,0.0,1.25,0.8333333333333333,0.2564102564102564,0.3448275862068966,0.0
873,261114,0.0,0.0,0.0,0.0,0.0,0.37037037037037035
874,98778,0.0,0.0,0.5555555555555556,0.0,1.0344827586206897,0.0
875,128667,0.0,0.0,0.2777777777777778,0.2564102564102564,0.3448275862068966,0.0
876,252556,0.0,0.3125,0.0,0.2564102564102564,0.3448275862068966,0.0
877,203427,0.0,0.0,0.0,0.2564102564102564,0.3448275862068966,0.0
878,194594,0.0,0.3125,0.2777777777777778,0.2564102564102564,0.3448275862068966,0.0
879,122298,0.0,0.0,0.2777777777777778,0.0,0.6896551724137931,0.0
880,12891,0.0,0.3125,0.2777777777777778,0.2564102564102564,0.3448275862068966,0.37037037037037035
881,179460,0.0,0.625,0.0,0.5128205128205128,0.0,0.0
882,139899,0.0,0.3125,0.2777777777777778,0.0,0.3448275862068966,0.7407407407407407
883,275857,0.0,0.3125,0.0,0.0,0.0,0.37037037037037035
884,66362,0.3571428571428571,0.9375,0.0,0.0,0.6896551724137931,0.0
885,178336,0.0,0.3125,0.2777777777777778,0.0,0.3448275862068966,0.0
886,144864,0.0,0.0,0.2777777777777778,0.0,0.6896551724137931,0.0
887,47,1.4285714285714284,0.0,0.2777777777777778,0.0,1.0344827586206897,0.0
888,111148,0.0,0.3125,0.0,0.5128205128205128,0.3448275862068966,0.0
889,56786,0.7142857142857142,0.0,0.2777777777777778,0.0,0.3448275862068966,0.37037037037037035
890,108784,0.0,0.0,0.2777777777777778,0.0,0.6896551724137931,0.0
891,41114,0.0,0.0,1.3888888888888888,0.0,0.6896551724137931,0.0
892,172381,0.0,0.3125,0.2777777777777778,0.5128205128205128,0.0,0.0
893,242804,0.0,0.0,0.0,0.5128205128205128,0.6896551724137931,0.0
894,20030,0.0,0.0,0.2777777777777778,0.0,0.3448275862068966,0.0
895,17133,1.0714285714285714,0.9375,0.5555555555555556,0.2564102564102564,0.3448275862068966,0.7407407407407407
896,193042,0.0,0.0,0.0,0.2564102564102564,0.6896551724137931,0.7407407407407407
897,216718,0.0,0.0,0.0,0.5128205128205128,0.0,0.0
898,38786,0.0,0.9375,0.0,0.0,0.0,0.37037037037037035
899,173452,0.0,0.625,0.0,0.0,0.6896551724137931,0.0
900,218417,0.0,0.0,0.5555555555555556,0.5128205128205128,0.6896551724137931,0.0
901,3931,0.3571428571428571,0.625,0.0,0.2564102564102564,0.3448275862068966,0.0
902,196326,0.0,0.0,0.0,0.0,0.6896551724137931,0.0
903,256570,0.0,0.0,0.5555555555555556,1.0256410256410255,0.3448275862068966,0.37037037037037035
904,119506,0.0,0.625,0.5555555555555556,0.2564102564102564,0.0,0.37037037037037035
905,494,0.0,0.625,0.0,0.0,0.3448275862068966,0.0
906,244654,0.0,0.3125,0.8333333333333333,0.2564102564102564,0.3448275862068966,0.0
907,55697,0.0,0.3125,0.2777777777777778,0.0,0.0,0.0
908,229218,0.3571428571428571,0.625,0.2777777777777778,0.0,0.3448275862068966,0.0
909,197443,0.0,0.0,0.2777777777777778,0.0,1.0344827586206897,0.0
910,97903,0.0,0.3125,0.0,0.2564102564102564,0.3448275862068966,0.7407407407407407
911,34969,0.0,0.0,0.0,0.0,0.3448275862068966,0.0
912,138233,0.0,0.0,0.2777777777777778,0.0,0.6896551724137931,0.0
913,382,0.0,0.3125,0.0,0.0,0.3448275862068966,0.0
914,201,0.0,0.3125,0.0,0.0,0.6896551724137931,0.0
915,276025,0.7142857142857142,0.9375,0.5555555555555556,0.7692307692307693,1.0344827586206897,1.1111111111111112
916,92319,0.0,0.9375,0.0,0.0,0.3448275862068966,0.0
917,182273,0.0,0.0,0.0,0.0,0.3448275862068966,0.0
918,255692,0.3571428571428571,0.3125,0.2777777777777778,1.0256410256410255,0.0,0.37037037037037035
919,35488,0.0,0.0,0.2777777777777778,0.2564102564102564,0.0,0.0
920,177702,0.0,0.0,0.2777777777777778,0.0,0.3448275862068966,0.0
921,10,0.0,0.625,0.2777777777777778,0.0,0.3448275862068966,0.0
922,215,0.0,0.0,0.2777777777777778,0.0,1.3793103448275863,0.0
923,251053,0.0,0.3125,0.0,0.0,1.0344827586206897,0.37037037037037035
924,216856,0.0,0.0,0.0,0.2564102564102564,0.0,0.0
925,227072,0.0,0.0,0.5555555555555556,0.0,0.6896551724137931,0.0
926,176361,0.0,0.0,0.8333333333333333,0.2564102564102564,0.3448275862068966,0.0
927,154386,0.0,0.3125,0.5555555555555556,0.2564102564102564,0.3448275862068966,0.37037037037037035
928,158991,0.0,0.0,0.2777777777777778,0.0,0.3448275862068966,0.0
929,250458,0.0,0.3125,0.0,0.2564102564102564,0.6896551724137931,0.0
930,66837,1.0714285714285714,0.3125,0.5555555555555556,0.0,0.3448275862068966,0.0
931,40688,0.0,0.0,0.0,0.0,0.0,0.0
932,162007,0.0,1.25,0.5555555555555556,0.5128205128205128,0.0,0.37037037037037035
933,25224,0.3571428571428571,0.9375,0.2777777777777778,0.0,0.0,0.0
934,243258,0.0,0.3125,0.0,0.0,0.3448275862068966,0.0
935,90009,0.0,0.0,0.0,0.0,0.3448275862068966,0.37037037037037035
936,280833,0.0,0.0,0.5555555555555556,0.2564102564102564,0.0,0.0
937,232988,0.0,0.625,0.0,0.0,0.0,0.37037037037037035
938,16772,0.0,0.3125,0.5555555555555556,0.0,0.3448275862068966,0.0
939,230253,0.0,0.0,1.1111111111111112,0.0,0.6896551724137931,0.0
940,271530,0.0,0.0,0.2777777777777778,0.0,1.0344827586206897,0.0
941,244331,0.0,1.25,0.0,0.0,0.3448275862068966,1.4814814814814814
942,28181,0.0,0.3125,0.2777777777777778,0.2564102564102564,0.0,0.37037037037037035
943,256237,0.0,0.0,0.8333333333333333,0.0,0.3448275862068966,0.37037037037037035
944,145639,0.0,0.0,0.2777777777777778,0.0,0.0,0.37037037037037035
945,123399,0.0,0.0,0.2777777777777778,0.0,0.3448275862068966,0.0
946,266083,0.0,0.0,0.0,0.0,0.6896551724137931,0.0
947,246200,0.0,0.0,0.2777777777777778,0.0,0.6896551724137931,0.0
948,167513,0.0,0.625,0.2777777777777778,0.0,0.0,0.0
949,17530,0.0,0.0,0.0,0.0,0.6896551724137931,0.37037037037037035
950,133437,0.0,0.3125,0.2777777777777778,0.5128205128205128,0.3448275862068966,0.0
951,176083,0.3571428571428571,0.625,0.5555555555555556,0.0,0.3448275862068966,0.7407407407407407
952,180241,0.0,0.625,0.2777777777777778,0.7692307692307693,0.0,0.0
953,197376,0.0,0.0,0.8333333333333333,0.2564102564102564,0.6896551724137931,0.37037037037037035
954,304285,0.0,0.0,0.2777777777777778,0.0,0.6896551724137931,0.0
955,172996,0.0,0.625,1.1111111111111112,0.0,0.3448275862068966,0.37037037037037035
956,192,0.3571428571428571,0.0,0.2777777777777778,0.0,0.0,0.0
957,72225,0.0,0.3125,0.8333333333333333,0.2564102564102564,0.0,0.0
958,3228,0.0,0.0,0.0,0.0,0.6896551724137931,0.0
959,15512,0.0,0.0,0.2777777777777778,0.0,0.3448275862068966,0.7407407407407407
960,249381,0.7142857142857142,0.3125,0.5555555555555556,0.0,0.0,0.0
961,255615,0.0,0.0,0.8333333333333333,0.0,0.0,0.0
962,246684,0.0,0.625,0.5555555555555556,0.5128205128205128,0.0,0.37037037037037035
963,135219,0.0,0.9375,0.0,0.0,0.3448275862068966,0.0
964,128,0.0,0.0,0.0,0.0,1.0344827586206897,0.0
965,236217,0.0,0.0,0.8333333333333333,0.0,0.3448275862068966,0.0
966,207207,0.0,0.625,0.0,0.0,0.0,0.0
967,102181,0.0,0.0,0.0,0.0,0.3448275862068966,0.0
968,175482,0.0,0.0,0.0,0.0,0.0,0.0
969,209290,0.0,0.0,0.0,0.2564102564102564,0.0,0.0
970,158889,0.0,0.625,0.0,0.2564102564102564,0.3448275862068966,0.0
971,32838,0.0,0.9375,0.0,0.0,0.0,0.37037037037037035
972,93260,0.0,0.625,0.0,0.5128205128205128,0.6896551724137931,0.0
973,91072,0.0,0.625,0.8333333333333333,0.0,0.6896551724137931,0.0
974,149155,0.0,0.0,0.2777777777777778,0.2564102564102564,0.3448275862068966,0.37037037037037035
975,192947,0.0,0.0,0.2777777777777778,0.0,0.3448275862068966,0.0
976,25417,0.0,1.25,0.5555555555555556,0.5128205128205128,0.3448275862068966,0.0
977,132028,0.0,0.625,0.2777777777777778,0.2564102564102564,0.0,0.37037037037037035
978,269160,0.0,0.0,0.2777777777777778,0.5128205128205128,0.3448275862068966,0.0
979,61692,0.0,0.9375,0.2777777777777778,0.0,0.0,0.0
980,206944,0.0,0.0,0.0,0.2564102564102564,0.0,0.0
981,266524,0.0,0.3125,0.5555555555555556,0.7692307692307693,0.0,0.37037037037037035
982,205359,0.0,0.3125,0.0,0.2564102564102564,0.3448275862068966,0.0
983,14254,0.0,0.3125,0.0,0.0,0.0,0.37037037037037035
984,29259,0.0,0.625,0.0,0.0,0.0,0.0
985,130934,0.0,0.0,0.0,0.0,0.3448275862068966,0.0
986,55427,0.0,0.625,0.0,0.2564102564102564,0.3448275862068966,0.0
987,9625,0.0,0.9375,0.5555555555555556,0.0,0.0,0.0
988,204836,0.0,0.0,0.2777777777777778,0.0,0.3448275862068966,0.37037037037037035
989,131366,0.7142857142857142,0.625,0.2777777777777778,0.0,0.3448275862068966,0.0
990,68264,0.0,0.625,0.2777777777777778,0.5128205128205128,0.0,0.37037037037037035
991,114387,0.0,0.3125,0.2777777777777778,0.0,0.3448275862068966,0.0
992,4471,0.3571428571428571,0.0,0.2777777777777778,0.0,0.3448275862068966,0.0
993,841,0.0,0.0,0.5555555555555556,0.0,0.0,0.0
994,195314,0.0,0.0,0.2777777777777778,0.0,0.3448275862068966,0.37037037037037035
995,216459,0.0,0.0,0.5555555555555556,0.0,0.3448275862068966,0.0
996,200512,0.0,0.0,0.2777777777777778,0.0,0.3448275862068966,0.0
997,132598,0.0,0.0,0.2777777777777778,0.0,0.3448275862068966,0.0
998,36888,0.0,0.625,0.0,0.2564102564102564,0.3448275862068966,0.0
999,1644,0.0,0.0,0.0,0.0,0.0,0.0
1000,182340,0.0,0.3125,0.8333333333333333,0.2564102564102564,0.6896551724137931,0.0
1001,1491,0.0,0.0,0.2777777777777778,0.0,0.0,0.0
1002,171136,0.0,0.0,0.0,0.0,0.0,0.0
1003,66193,0.0,0.3125,0.0,0.0,0.3448275862068966,0.0
1004,55829,0.0,0.9375,0.2777777777777778,0.0,0.0,0.37037037037037035
1005,1419,0.0,0.0,0.0,0.0,0.6896551724137931,0.0
1006,42673,0.0,0.625,0.2777777777777778,0.0,0.0,0.37037037037037035
1007,263918,0.0,0.0,0.2777777777777778,0.0,1.3793103448275863,0.37037037037037035
1008,132544,1.0714285714285714,0.3125,0.0,0.5128205128205128,0.3448275862068966,0.0
1009,90305,0.0,0.0,0.2777777777777778,0.2564102564102564,0.3448275862068966,0.0
1010,174975,0.0,0.0,0.0,0.0,0.3448275862068966,0.0
1011,29368,0.0,0.625,0.5555555555555556,0.2564102564102564,0.3448275862068966,0.0
1012,137330,0.0,0.3125,0.0,0.0,0.3448275862068966,0.37037037037037035
1013,276497,0.0,0.3125,0.0,0.2564102564102564,0.3448275862068966,0.0
1014,193558,0.0,1.25,0.2777777777777778,0.5128205128205128,0.0,0.37037037037037035
1015,186751,0.0,0.625,0.5555555555555556,0.7692307692307693,1.0344827586206897,0.37037037037037035
1016,21523,0.0,0.625,0.5555555555555556,0.2564102564102564,0.0,0.0
1017,280812,0.0,0.0,0.0,0.2564102564102564,0.3448275862068966,0.0
1018,37907,0.0,0.0,0.0,0.5128205128205128,0.3448275862068966,0.0
1019,1234,0.0,0.0,0.5555555555555556,0.0,0.3448275862068966,0.37037037037037035
1020,278751,0.0,0.3125,0.0,0.0,0.3448275862068966,0.0
1021,109125,0.0,0.625,0.2777777777777778,1.0256410256410255,0.0,0.0
1022,289056,0.0,0.0,0.2777777777777778,0.5128205128205128,0.6896551724137931,0.0
1023,811,0.0,0.0,0.0,0.0,0.6896551724137931,0.0
1024,182082,0.0,0.0,0.0,0.0,0.6896551724137931,0.0
1025,230383,0.0,0.0,0.2777777777777778,0.0,0.3448275862068966,0.0
1026,66056,0.0,0.3125,0.2777777777777778,0.0,0.3448275862068966,0.0
1027,287,0.3571428571428571,0.0,0.0,0.0,0.3448275862068966,0.0
1028,33604,0.0,0.0,0.2777777777777778,0.0,0.0,0.7407407407407407
1029,208775,0.0,0.3125,0.0,0.0,0.0,0.37037037037037035
1030,22141,0.0,0.3125,0.5555555555555556,0.0,1.3793103448275863,0.0
1031,226322,0.0,0.0,0.0,0.0,0.0,0.0
1032,46255,0.0,0.625,0.2777777777777778,0.0,0.3448275862068966,0.37037037037037035
1033,2987,0.0,0.625,0.2777777777777778,0.0,0.3448275862068966,0.0
1034,39953,0.0,0.0,0.5555555555555556,0.2564102564102564,0.3448275862068966,0.0
1035,71061,0.0,0.0,0.5555555555555556,0.2564102564102564,0.6896551724137931,0.0
1036,204574,0.0,0.0,0.5555555555555556,0.0,0.3448275862068966,0.0
1037,171950,0.0,0.0,0.0,0.0,0.3448275862068966,0.37037037037037035
1038,54998,0.3571428571428571,0.9375,0.5555555555555556,0.2564102564102564,0.3448275862068966,0.0
1039,260788,0.0,0.0,0.0,0.0,0.0,0.37037037037037035
1040,163967,0.0,0.625,0.8333333333333333,1.0256410256410255,0.0,0.7407407407407407
1041,13122,0.3571428571428571,0.3125,0.2777777777777778,0.0,1.0344827586206897,0.0
1042,266141,0.0,0.3125,0.0,0.0,0.3448275862068966,0.0
1043,19358,0.0,0.3125,0.2777777777777778,0.0,0.3448275862068966,0.0
1044,531,0.7142857142857142,0.3125,0.2777777777777778,0.0,0.3448275862068966,0.0
1045,1897,0.3571428571428571,0.3125,0.0,0.0,0.0,0.0
1046,154086,0.0,0.625,0.5555555555555556,0.2564102564102564,0.3448275862068966,0.0
1047,160010,0.0,0.625,0.2777777777777778,0.7692307692307693,0.3448275862068966,0.0
1048,109291,0.0,0.0,0.2777777777777778,0.2564102564102564,0.3448275862068966,0.37037037037037035
1049,170604,0.0,1.875,0.8333333333333333,0.5128205128205128,0.6896551724137931,0.37037037037037035
1050,71671,0.0,0.3125,0.2777777777777778,0.5128205128205128,0.3448275862068966,0.0
